height, node1-size, node2-size
2, 296, 272
3, 328, 300
4, 352, 352
5, 384, 384
6, 404, 408
7, 440, 440
9, 508, 500
10, 532, 560
11, 560, 596
12, 584, 616
13, 612, 656
15, 668, 680
16, 696, 704
17, 720, 756
18, 752, 788
20, 808, 812
21, 836, 924
22, 864, 948
23, 888, 976
24, 920, 1004
26, 976, 1028
27, 1000, 1060
28, 1028, 1120
29, 1052, 1140
31, 1112, 1252
32, 1132, 1252
33, 1168, 1280
34, 1192, 1336
35, 1220, 1360
36, 1248, 1392
38, 1300, 1416
39, 1332, 1444
40, 1356, 1556
41, 1388, 1580
42, 1412, 1608
44, 1468, 1640
45, 1496, 1664
46, 1524, 1712
47, 1552, 1744
48, 1580, 1772
49, 1604, 1804
50, 1636, 1880
51, 1660, 1904
52, 1688, 1932
53, 1720, 1964
54, 1748, 1992
56, 1800, 2044
57, 1824, 2076
58, 1856, 2100
59, 1884, 2128
60, 1916, 2208
61, 1936, 2208
62, 1968, 2264
63, 1992, 2292
64, 2020, 2316
65, 2048, 2348
66, 2072, 2372
68, 2124, 2424
69, 2156, 2452
70, 2184, 2540
71, 2212, 2560
72, 2236, 2592
73, 2268, 2616
74, 2296, 2648
75, 2328, 2672
76, 2352, 2700
77, 2384, 2728
79, 2436, 2752
80, 2460, 2784
81, 2488, 2892
82, 2516, 2920
83, 2540, 2920
84, 2576, 2948
85, 2596, 3000
86, 2628, 3028
87, 2656, 3060
89, 2708, 3092
90, 2740, 3196
91, 2764, 3220
92, 2796, 3252
93, 2824, 3276
94, 2856, 3308
95, 2876, 3328
96, 2908, 3360
97, 2936, 3388
98, 2972, 3420
99, 2988, 3444
100, 3020, 3524
102, 3068, 3556
104, 3132, 3612
106, 3188, 3696
107, 3220, 3724
108, 3248, 3752
109, 3280, 3784
110, 3304, 3872
111, 3340, 3904
112, 3364, 3928
113, 3396, 3956
114, 3420, 3984
115, 3460, 4020
116, 3480, 4044
117, 3508, 4076
118, 3540, 4104
119, 3560, 4128
120, 3600, 4220
122, 3656, 4252
123, 3680, 4304
124, 3712, 4336
125, 3740, 4364
126, 3772, 4392
127, 3800, 4424
129, 3856, 4452
130, 3888, 4480
131, 3916, 4596
132, 3948, 4628
133, 3972, 4652
134, 4004, 4684
135, 4032, 4708
137, 4092, 4744
138, 4116, 4800
139, 4152, 4828
141, 4200, 4916
142, 4220, 4944
144, 4292, 5004
145, 4324, 5032
146, 4352, 5092
147, 4380, 5116
148, 4412, 5152
149, 4444, 5180
150, 4468, 5272
151, 4504, 5300
152, 4536, 5332
153, 4560, 5356
154, 4588, 5392
155, 4620, 5416
157, 4668, 5452
158, 4704, 5472
159, 4732, 5536
160, 4768, 5628
161, 4788, 5656
162, 4824, 5684
164, 4880, 5712
165, 4908, 5736
166, 4944, 5772
167, 4964, 5800
168, 5000, 5828
169, 5024, 5856
170, 5064, 5976
171, 5084, 5980
172, 5120, 6008
173, 5144, 6032
174, 5172, 6068
175, 5200, 6088
177, 5264, 3944
178, 5284, 3972
180, 5344, 4032
181, 5380, 4156
182, 5404, 4180
183, 5440, 4216
184, 5464, 4240
185, 5496, 4272
187, 5560, 4296
188, 5580, 4332
189, 5616, 4356
191, 5668, 4504
192, 5696, 4528
193, 5732, 4564
194, 5760, 4592
195, 5780, 4620
196, 5816, 4648
197, 5848, 4680
199, 5900, 4708
200, 5936, 4828
201, 5960, 4856
202, 5992, 4884
203, 6016, 4912
204, 6056, 4948
205, 6076, 4972
206, 6112, 5004
207, 6136, 5032
209, 6196, 5064
210, 6228, 5096
211, 6256, 5212
212, 6284, 5212
213, 6312, 5268
214, 6344, 5296
215, 6376, 5332
216, 6400, 5356
217, 6432, 5388
219, 6488, 5416
220, 6516, 5448
221, 6552, 5564
222, 6576, 5592
223, 6604, 5620
225, 6644, 5648
226, 6704, 5704
227, 6728, 5740
228, 6752, 5764
229, 6780, 5796
230, 6804, 5880
232, 6868, 5912
233, 8328, 5944
234, 5072, 5968
235, 5104, 6000
236, 5128, 6056
237, 5164, 6088
238, 5196, 6116
239, 5224, 6148
240, 5252, 6232
241, 5276, 6264
243, 5336, 6296
244, 5368, 6324
245, 5396, 6348
246, 5428, 6380
247, 5452, 6408
248, 5488, 6468
249, 5516, 6492
250, 5544, 6584
251, 5568, 6608
253, 5624, 6664
254, 5660, 6700
255, 5688, 6728
256, 5720, 6760
258, 5768, 6812
259, 5808, 6820
260, 5828, 6868
261, 5864, 6964
262, 5888, 6992
263, 5924, 7024
264, 5944, 7048
265, 5984, 7080
266, 6012, 7112
267, 6040, 7136
269, 6096, 7168
270, 6128, 7288
272, 6180, 7316
274, 6240, 7380
275, 6268, 7428
276, 6304, 7464
277, 6328, 7488
278, 6360, 7520
280, 6420, 7548
281, 6452, 7668
283, 6504, 7728
284, 6536, 7732
285, 6560, 7784
286, 6596, 7808
287, 6624, 7848
288, 6656, 7872
289, 6680, 7900
290, 6712, 7992
291, 6736, 8016
292, 6768, 8052
293, 6800, 8080
294, 6828, 8112
295, 6856, 8136
296, 6884, 8168
298, 6944, 8224
299, 6976, 8256
300, 7004, 8344
301, 7032, 8376
302, 7060, 8400
303, 7088, 8432
304, 7124, 8464
305, 7148, 8488
306, 7176, 8520
307, 7208, 8544
308, 7240, 8576
309, 7268, 8604
311, 7324, 8700
312, 7352, 8724
313, 7380, 8780
315, 7440, 8812
316, 7472, 8868
317, 7500, 8900
318, 7532, 8932
319, 7556, 8960
321, 7620, 9052
322, 7648, 9080
323, 7672, 9108
324, 7708, 9140
325, 7728, 9168
326, 7768, 9228
327, 7792, 9256
328, 7828, 9256
329, 7852, 9312
330, 7884, 9404
332, 7944, 9468
333, 7968, 9468
334, 8000, 9492
335, 8028, 9556
336, 8060, 9580
337, 8088, 9616
338, 8120, 9640
339, 8148, 9648
341, 8212, 7600
342, 8236, 7636
343, 8264, 7688
344, 8292, 7720
345, 8324, 4812
346, 8352, 4844
347, 8384, 4872
349, 8444, 4904
350, 8468, 4932
351, 8500, 5024
352, 8536, 5088
353, 8564, 5116
354, 8592, 5140
356, 8652, 5200
357, 8672, 5232
358, 8712, 5232
359, 8740, 5296
360, 8772, 5388
361, 8796, 5388
362, 8824, 5444
363, 8860, 5476
364, 8884, 5508
365, 8916, 5532
367, 8976, 5568
368, 9008, 5592
369, 9036, 5652
370, 9072, 5752
371, 9092, 5772
373, 9152, 5808
374, 9188, 5872
375, 9212, 5892
376, 9240, 5924
377, 9276, 5952
378, 9296, 5980
379, 9332, 6016
380, 9360, 6108
382, 9416, 6140
383, 9444, 6164
384, 9480, 6196
385, 9508, 6256
386, 9540, 6284
387, 9568, 6312
388, 9600, 6340
389, 9624, 6368
390, 9660, 6468
392, 9716, 6496
393, 9748, 6552
394, 9776, 6580
395, 9804, 6584
396, 9836, 6640
398, 9896, 6680
399, 9920, 6732
400, 9952, 6820
401, 9984, 6860
402, 10016, 6884
403, 10040, 6912
405, 10100, 6940
406, 10124, 6972
407, 10160, 7032
408, 10188, 7060
409, 10220, 7092
410, 10244, 7176
411, 10276, 7212
412, 10308, 7240
413, 10332, 7272
414, 10364, 7296
415, 10392, 7324
417, 10448, 7352
418, 10480, 7416
419, 10512, 7444
420, 10540, 7532
422, 10596, 7560
423, 10632, 7596
424, 10660, 7628
425, 10688, 7656
426, 10716, 7716
427, 10744, 7716
428, 10772, 7772
429, 10808, 7800
430, 10836, 7892
432, 10888, 7920
433, 10924, 7972
434, 10952, 8008
435, 10980, 8016
436, 11012, 8068
437, 11036, 8096
438, 11068, 8124
439, 11096, 8156
441, 11156, 8252
442, 11188, 8276
443, 11216, 8336
444, 11244, 8340
445, 11276, 8396
446, 11308, 8424
447, 11336, 8456
448, 11364, 8476
449, 11392, 8512
450, 11424, 8600
452, 11484, 8632
453, 11512, 8664
454, 11544, 8720
455, 11568, 8748
456, 9788, 8780
457, 9820, 8812
458, 9848, 8836
459, 9880, 8868
460, 9908, 8960
461, 9936, 8984
463, 9716, 9024
464, 9748, 9080
465, 9772, 9108
466, 9804, 9132
467, 9836, 9136
468, 9860, 9192
470, 9916, 9228
471, 9952, 9344
472, 9976, 9372
474, 10040, 9404
475, 10068, 9436
476, 10088, 9456
477, 10124, 9516
478, 10160, 9556
479, 10184, 9580
480, 10216, 9580
481, 10248, 9700
482, 10272, 9732
484, 10336, 9760
485, 10360, 9796
486, 10392, 9848
487, 10416, 9876
488, 10452, 9908
489, 10476, 9936
490, 10512, 10028
491, 10548, 10060
493, 10596, 10092
494, 10632, 10116
495, 10660, 10152
496, 10688, 10176
497, 10720, 10232
498, 10748, 10264
499, 10784, 10300
500, 10808, 8252
501, 10840, 8280
503, 10900, 8312
504, 10924, 8340
505, 10960, 9188
506, 10988, 6872
507, 11016, 6900
509, 11080, 6932
510, 11100, 6960
511, 11140, 7084
512, 11164, 7084
513, 11200, 7108
514, 11224, 7168
515, 11256, 7204
516, 11292, 7232
517, 11312, 7268
519, 11368, 7288
520, 11408, 7324
521, 11428, 7440
522, 11464, 7472
523, 11492, 7472
524, 11524, 7508
525, 11548, 7564
526, 11584, 7596
527, 11612, 7628
528, 11648, 7652
530, 11704, 7680
531, 11732, 7804
532, 11760, 7832
533, 11788, 7860
534, 11816, 7896
535, 11844, 7916
536, 11872, 7920
538, 11936, 7984
539, 11968, 8016
540, 11992, 8140
541, 12028, 8164
542, 12052, 8196
543, 12088, 8228
544, 12112, 8256
545, 12144, 8284
546, 12168, 8312
548, 12232, 8344
549, 12264, 8376
550, 12292, 8404
551, 12324, 8496
552, 12352, 8528
553, 12380, 8584
554, 12412, 8620
555, 12440, 8644
556, 12468, 8676
558, 12528, 8700
559, 12560, 8768
560, 12592, 8856
562, 12652, 8884
563, 12672, 8944
565, 12740, 8976
566, 12772, 9032
567, 12796, 9036
568, 12828, 9064
570, 12892, 9132
572, 12948, 9276
573, 12980, 9280
574, 13000, 9332
576, 13064, 9400
577, 13100, 9432
578, 13124, 9456
580, 13180, 9492
581, 13224, 9616
582, 13248, 9644
583, 13280, 9672
585, 13340, 9704
586, 13368, 9768
587, 13400, 9796
588, 13428, 9828
590, 13484, 9852
591, 13520, 9984
592, 13548, 10008
594, 13608, 10040
595, 13632, 10096
596, 13668, 10132
598, 13728, 10160
599, 13752, 10216
600, 13784, 10312
601, 13812, 10336
603, 13872, 10376
604, 13904, 10432
605, 13932, 10460
606, 13960, 10488
608, 14024, 10524
609, 14056, 10580
610, 14080, 10672
611, 14112, 10700
612, 14140, 10732
613, 14172, 10732
614, 14196, 10788
615, 14232, 10824
617, 14288, 10848
618, 14320, 10880
619, 14352, 10912
620, 14380, 11040
621, 14408, 11064
622, 14440, 11096
623, 14472, 11128
624, 14500, 11156
626, 14560, 11216
627, 14588, 11248
628, 14616, 11272
629, 14648, 11308
631, 14700, 11428
632, 14736, 11452
633, 14760, 11488
634, 14796, 11488
635, 14824, 11516
636, 14856, 11552
637, 14884, 11604
639, 14940, 11660
640, 14972, 11660
641, 15004, 11788
642, 15028, 11812
643, 15060, 11844
644, 15092, 11876
645, 15124, 11908
646, 15152, 11940
647, 15184, 11964
648, 15212, 12000
650, 15268, 12024
651, 15304, 12116
652, 15328, 12148
653, 15360, 12184
654, 15384, 12236
656, 15452, 12268
657, 15476, 12328
658, 15508, 12360
659, 15540, 10240
661, 15596, 10328
662, 15632, 10360
663, 15660, 10404
664, 15688, 8880
665, 15720, 8912
666, 15748, 8912
667, 15780, 8940
668, 15808, 8976
669, 15840, 9036
670, 15872, 9128
671, 15896, 9128
672, 15928, 9188
673, 15964, 9224
674, 15996, 9252
676, 14248, 9308
678, 14316, 9340
679, 14344, 9368
680, 14376, 9424
681, 14288, 9528
682, 14312, 9528
683, 14348, 9588
684, 14380, 9616
685, 14404, 9644
687, 14468, 9676
688, 14496, 9736
689, 14528, 9768
690, 14560, 9860
691, 14584, 9892
692, 14616, 9916
694, 14676, 9948
695, 14708, 10012
696, 14732, 10040
697, 14764, 10068
698, 14796, 10068
699, 14820, 10124
700, 14856, 10224
701, 14884, 10252
702, 14916, 10284
704, 14972, 10304
705, 15004, 10340
706, 15036, 10372
707, 15060, 10424
708, 15088, 10460
709, 15120, 10484
710, 15144, 10576
711, 15180, 10608
712, 15208, 10640
713, 15240, 10668
714, 15264, 10700
715, 15308, 10724
717, 15356, 10788
718, 15384, 10816
719, 15416, 10848
720, 15448, 10892
721, 15472, 10968
722, 15508, 10996
723, 15540, 11032
724, 15564, 11056
725, 15604, 11088
727, 15640, 11116
729, 15712, 11212
730, 15744, 11300
731, 15772, 11336
732, 15800, 11360
734, 15864, 11396
735, 15892, 11448
736, 15920, 11480
737, 15952, 11512
738, 15988, 11544
740, 16044, 11572
741, 16076, 11664
742, 16100, 11724
744, 16160, 11756
745, 16196, 11816
746, 16220, 11844
748, 16280, 11872
749, 16308, 11904
750, 16340, 11936
751, 16368, 12056
752, 16400, 12088
753, 16424, 12112
754, 16456, 12144
755, 16488, 12144
756, 16520, 12208
757, 16548, 12236
758, 16580, 12264
759, 16608, 12296
760, 16640, 12388
761, 16664, 12420
763, 16728, 12452
764, 16756, 12480
765, 16788, 12540
766, 16820, 12572
768, 16876, 12600
769, 16904, 12628
770, 16936, 12656
771, 16964, 12752
772, 16996, 12784
773, 17028, 12844
774, 17056, 12844
775, 17084, 12872
776, 17116, 12904
777, 17148, 12968
778, 17172, 12988
779, 17204, 13020
780, 17232, 13112
782, 17292, 13152
783, 17328, 13204
784, 17352, 13236
785, 17380, 13260
786, 17412, 13264
787, 17444, 13292
788, 17476, 13328
789, 17500, 13384
790, 17532, 13472
791, 17560, 13508
792, 17596, 13536
793, 17620, 13568
794, 17652, 13596
795, 17684, 13628
797, 17736, 13652
799, 17800, 13716
800, 17832, 13836
801, 17856, 13860
802, 17888, 13896
803, 17916, 13896
804, 17948, 13956
806, 18008, 13980
807, 18016, 14016
808, 18064, 14036
809, 18096, 14100
810, 18120, 14188
811, 18152, 14220
812, 18176, 14248
814, 18240, 14280
815, 18272, 14336
816, 18300, 12216
818, 18356, 12236
819, 18392, 12296
820, 18420, 12296
821, 18448, 10844
822, 18476, 10880
823, 18512, 10904
825, 18568, 10932
826, 18596, 10964
827, 18628, 11028
828, 18656, 11048
829, 18684, 11084
830, 18716, 11172
832, 18776, 11212
833, 18804, 11232
834, 18836, 11296
835, 18860, 11320
836, 18896, 11356
837, 18924, 11356
838, 18960, 11416
840, 19008, 11444
841, 19044, 11536
843, 19104, 11596
844, 19132, 11628
845, 19164, 11692
846, 19188, 11716
847, 19228, 11752
849, 19288, 11784
850, 19308, 11816
851, 19340, 11932
852, 19372, 11964
854, 19428, 12016
855, 19460, 12048
856, 19488, 12084
857, 19520, 12104
858, 19548, 12104
859, 19584, 12172
861, 19636, 12264
862, 19668, 12320
863, 19700, 12320
864, 19728, 12384
865, 19760, 12408
867, 19812, 12444
868, 19844, 12468
869, 19872, 12500
870, 19908, 12628
871, 19928, 12648
872, 19964, 12684
873, 20000, 12708
874, 20028, 12748
875, 20052, 12772
876, 20084, 12796
877, 20116, 12832
878, 20140, 12856
880, 17104, 9812
881, 17132, 9916
882, 17160, 9944
884, 17224, 9980
885, 17260, 10040
886, 17280, 10068
887, 17316, 10096
888, 17340, 10128
889, 17376, 10156
891, 17436, 10280
892, 17460, 10312
893, 17492, 10312
894, 15732, 10336
895, 15768, 10404
896, 15792, 10428
898, 15856, 10460
899, 15884, 10488
900, 15788, 10612
901, 15812, 10640
903, 15868, 10672
904, 15904, 10696
905, 15932, 10732
906, 15968, 10792
907, 15988, 10812
908, 16024, 10844
909, 16048, 10872
910, 16080, 10964
912, 16144, 10992
913, 16168, 11056
914, 16200, 11084
915, 16224, 11112
916, 16260, 11148
918, 16312, 11176
920, 16376, 11324
921, 16400, 11324
922, 16432, 11384
923, 16464, 11412
925, 16520, 11444
926, 16544, 11500
927, 16584, 11532
929, 16640, 11560
931, 16700, 11680
932, 16724, 11732
933, 16756, 11736
934, 16788, 11796
935, 16816, 11828
936, 16844, 11852
937, 16868, 11884
938, 16908, 11916
940, 16964, 11948
942, 17024, 12100
943, 17048, 12128
944, 17084, 12160
946, 17128, 12192
947, 17168, 12220
948, 17200, 12248
949, 17232, 12312
950, 17256, 12316
951, 17288, 12428
952, 17316, 12456
953, 17348, 12488
954, 17376, 12516
956, 17432, 12548
957, 17460, 12576
958, 17488, 12632
959, 17528, 12664
961, 17580, 12756
962, 17608, 12812
963, 17640, 12812
964, 17664, 12836
965, 17696, 12900
966, 17728, 12932
967, 17756, 12956
968, 17788, 12988
970, 17844, 13012
971, 17872, 13112
972, 17900, 13168
973, 17928, 13192
974, 17960, 13228
976, 18020, 13256
977, 18048, 13308
978, 18080, 11188
979, 18104, 11212
981, 18168, 11308
982, 18196, 11340
983, 18224, 9856
984, 18252, 9884
985, 18280, 9916
987, 18340, 9944
988, 18372, 9980
989, 18400, 10032
990, 18428, 10120
992, 18488, 10148
993, 18520, 10212
994, 18540, 10236
995, 18576, 10268
996, 18600, 10300
997, 18632, 10328
998, 18660, 10360
1000, 18720, 10388
1001, 18748, 10480
1002, 18784, 10516
1003, 18816, 10544
1004, 18844, 10600
1006, 18904, 10664
1007, 18936, 10664
1008, 18968, 10700
1009, 19000, 10760
1011, 19064, 10884
1012, 19092, 10916
1013, 19128, 10948
1014, 19156, 10984
1016, 19212, 11012
1017, 19244, 11068
1018, 19280, 11108
1019, 19304, 11108
1020, 19340, 11236
1022, 19396, 11264
1023, 19428, 11296
1024, 19464, 11324
1025, 19496, 11364
1026, 19520, 11420
1027, 19552, 11448
1028, 19584, 11484
1029, 19616, 11512
1030, 19648, 11516
1031, 19684, 11644
1032, 19716, 11680
1034, 19776, 11700
1035, 19804, 11744
1036, 19832, 11772
1037, 19860, 11828
1038, 19892, 11860
1039, 19924, 11892
1040, 19960, 11992
1042, 20016, 12024
1043, 20048, 12088
1044, 20076, 12112
1045, 20108, 12144
1046, 20144, 12180
1047, 20172, 12208
1049, 20232, 12244
1050, 20264, 12276
1051, 20300, 12372
1052, 20328, 12436
1053, 20360, 12436
1054, 20388, 12472
1055, 20420, 12528
1056, 20456, 12564
1058, 20512, 12600
1059, 20544, 12624
1060, 20580, 12760
1061, 20612, 12796
1062, 20644, 12824
1063, 20680, 12852
1065, 20740, 12888
1066, 20772, 12920
1067, 20800, 12980
1068, 20836, 12984
1069, 20860, 13040
1071, 20924, 13152
1072, 20960, 13180
1074, 21020, 13240
1075, 21052, 13276
1076, 21088, 13344
1077, 21120, 13376
1078, 21148, 13408
1080, 21208, 13440
1081, 21240, 13540
1082, 21276, 13608
1083, 21308, 13640
1084, 21332, 13668
1085, 21368, 13700
1087, 21428, 13736
1088, 21460, 13756
1089, 21496, 13828
1090, 21524, 13828
1092, 21588, 13960
1093, 21620, 14024
1094, 21652, 14056
1095, 21680, 14084
1097, 21740, 14116
1098, 21784, 14156
1099, 21808, 14216
1100, 21844, 14320
1102, 21900, 14356
1103, 21932, 14380
1104, 21968, 14444
1105, 21996, 14480
1106, 22028, 14504
1107, 20276, 14540
1109, 20340, 14604
1110, 20376, 14704
1111, 20404, 14740
1113, 25624, 14800
1114, 20420, 14832
1115, 20452, 14836
1116, 20476, 14892
1117, 20512, 14928
1118, 20540, 14956
1120, 20608, 14992
1121, 20644, 15124
1123, 20704, 15156
1124, 20732, 15184
1125, 20768, 15216
1126, 20796, 13160
1127, 20828, 13184
1128, 20856, 13220
1129, 20892, 13252
1131, 20956, 11792
1132, 20984, 11792
1133, 21020, 11856
1135, 21072, 11900
1136, 21112, 11952
1137, 21140, 11956
1138, 21176, 12016
1139, 21204, 12048
1140, 21236, 12152
1142, 21300, 12216
1143, 21328, 12244
1144, 21364, 12244
1145, 21388, 12280
1147, 21460, 12348
1148, 21488, 12376
1149, 21524, 12408
1150, 21548, 12444
1151, 21588, 12540
1152, 21616, 12608
1154, 21676, 12668
1155, 21716, 12668
1156, 21748, 12740
1158, 21808, 12800
1159, 21844, 12836
1160, 21868, 12932
1161, 21908, 12972
1163, 21972, 13036
1164, 21996, 13060
1165, 22028, 13064
1167, 22088, 13128
1168, 22128, 13168
1169, 22156, 13196
1171, 22228, 13228
1172, 22256, 13396
1173, 22288, 13428
1174, 22316, 13460
1175, 22352, 13496
1176, 22380, 13528
1177, 22420, 13556
1179, 22476, 13592
1180, 22504, 13620
1181, 22548, 13728
1182, 22576, 13760
1183, 22608, 13824
1184, 22636, 13860
1185, 22668, 13888
1186, 22704, 13924
1188, 22764, 13948
1189, 22792, 13988
1190, 22824, 14020
1191, 22856, 14156
1192, 22892, 14192
1193, 22924, 14224
1194, 22956, 14248
1196, 23016, 14280
1197, 23044, 14316
1198, 23080, 14380
1199, 23108, 14412
1201, 23168, 14512
1202, 23208, 14580
1204, 23268, 14608
1205, 23296, 14668
1206, 23324, 14700
1207, 23360, 14732
1208, 23388, 14764
1210, 23448, 14800
1211, 23484, 14928
1212, 23508, 14956
1214, 23576, 14992
1215, 23608, 15052
1216, 23636, 15084
1217, 23672, 15116
1219, 23736, 15144
1220, 23764, 15280
1221, 23800, 15312
1222, 23820, 15336
1223, 23856, 15372
1225, 23920, 15404
1226, 23948, 15464
1227, 23976, 15492
1228, 24012, 15524
1229, 24040, 15552
1231, 24104, 15660
1232, 24140, 15724
1233, 24164, 15752
1234, 24200, 15780
1236, 24264, 15820
1237, 24292, 15876
1238, 24328, 15908
1239, 24356, 15940
1241, 24412, 16040
1242, 24456, 16104
1243, 24484, 16136
1244, 24512, 16164
1245, 24544, 16200
1246, 24576, 16232
1247, 24608, 16264
1248, 24640, 16300
1249, 24676, 16332
1251, 24736, 16436
1252, 24768, 16460
1253, 24804, 16532
1254, 24828, 16560
1255, 24864, 16588
1257, 24928, 16624
1258, 24956, 16652
1259, 24992, 16716
1260, 25020, 16788
1261, 25052, 16844
1262, 25080, 16876
1263, 25120, 16912
1264, 25144, 16944
1266, 25208, 17008
1267, 25236, 17036
1268, 25268, 17068
1270, 25340, 17112
1271, 25368, 15104
1272, 25400, 15164
1273, 25428, 15192
1274, 25468, 15232
1275, 25500, 13688
1277, 25556, 13724
1278, 25592, 13780
1279, 25616, 13780
1280, 25660, 13916
1281, 25688, 13956
1282, 25720, 13980
1283, 25748, 14016
1285, 25816, 14044
1286, 25848, 14108
1287, 25876, 14144
1288, 25904, 14172
1289, 25936, 14200
1290, 25964, 14304
1292, 26032, 14372
1293, 26064, 14400
1294, 26092, 14432
1295, 26124, 14464
1297, 26188, 14492
1298, 26216, 14556
1299, 26252, 14588
1300, 26276, 14684
1301, 26312, 14720
1302, 26356, 14752
1303, 26376, 14784
1304, 26404, 14812
1305, 26440, 14836
1306, 24732, 14872
1307, 24764, 14896
1309, 24824, 14964
1310, 24860, 15064
1311, 24884, 15092
1312, 24832, 15124
1313, 24864, 15160
1314, 24896, 15188
1315, 24924, 15220
1316, 24960, 15252
1317, 24988, 15280
1318, 25020, 15312
1320, 25084, 15448
1321, 25108, 15468
1322, 25144, 15504
1323, 25172, 15532
1325, 25236, 15568
1326, 25272, 15628
1328, 25328, 15688
1329, 25360, 15720
1330, 25392, 15724
1331, 25428, 15852
1332, 25448, 15880
1333, 25484, 15912
1334, 25512, 15944
1335, 25548, 15980
1336, 25576, 16008
1337, 25616, 16040
1338, 25640, 16072
1339, 25672, 16100
1341, 25732, 16200
1342, 25764, 16236
1344, 25828, 16296
1345, 25860, 16324
1346, 25892, 16392
1347, 25924, 16424
1348, 25956, 16456
1349, 25980, 16488
1350, 26012, 16584
1352, 26080, 16616
1353, 26104, 16656
1354, 26140, 16688
1355, 26168, 16744
1356, 26204, 16776
1357, 26232, 16808
1358, 26268, 16836
1359, 26296, 16872
1360, 26328, 16968
1361, 26356, 17000
1362, 26392, 17032
1363, 23396, 14040
1364, 23432, 14072
1365, 23464, 14104
1366, 23492, 14128
1368, 23560, 14196
1369, 23588, 14228
1370, 23612, 14332
1371, 23648, 14360
1372, 23676, 14396
1373, 23708, 14424
1374, 23740, 14460
1375, 23776, 14488
1376, 23804, 14524
1378, 23860, 14548
1380, 23928, 14616
1381, 23964, 14744
1382, 24000, 14776
1383, 24028, 14808
1385, 24088, 14836
1386, 24120, 14876
1387, 24144, 14936
1388, 24180, 14964
1389, 24208, 14996
1390, 24248, 15104
1391, 24272, 15132
1392, 24308, 15164
1393, 24336, 15196
1394, 24368, 15224
1395, 24396, 15256
1396, 24440, 15292
1398, 24500, 15348
1399, 24528, 15384
1400, 24560, 15484
1401, 24596, 15524
1402, 24624, 15548
1403, 24656, 15584
1404, 24688, 15612
1405, 24716, 15644
1406, 24756, 15676
1407, 24784, 15712
1409, 24844, 15740
1410, 24872, 15872
1411, 24908, 15900
1412, 24936, 15904
1413, 24972, 15964
1414, 25000, 13876
1415, 25036, 13904
1416, 25060, 13936
1417, 25100, 13968
1418, 25128, 14004
1419, 25160, 12356
1420, 25184, 12460
1422, 25248, 12492
1423, 25280, 12520
1424, 25316, 12556
1425, 25352, 12624
1426, 25380, 12656
1427, 25408, 12680
1429, 25472, 12720
1430, 25504, 12748
1431, 25532, 12852
1432, 25568, 12880
1433, 25600, 12916
1434, 25632, 12952
1435, 25660, 13008
1436, 25696, 13040
1437, 25720, 13068
1438, 25756, 13096
1440, 25820, 13136
1441, 25848, 13236
1442, 25880, 13296
1443, 25912, 13328
1444, 25936, 13356
1445, 25976, 13392
1446, 26004, 13424
1447, 26040, 13456
1448, 26064, 13484
1449, 26100, 13516
1451, 26164, 13620
1452, 26192, 13680
1453, 26228, 13716
1454, 26256, 13744
1455, 26288, 13776
1456, 26320, 13808
1457, 26356, 13844
1458, 26380, 13868
1459, 26416, 13904
1460, 26452, 14004
1462, 26508, 14044
1464, 26572, 14100
1465, 26600, 14132
1466, 26632, 14192
1468, 26700, 14256
1470, 26760, 14288
1471, 26788, 14388
1472, 26828, 14420
1473, 26852, 14484
1474, 26888, 14516
1475, 26916, 14544
1476, 26948, 14548
1477, 26976, 14604
1478, 27016, 14644
1479, 27044, 14672
1480, 27076, 14772
1481, 27104, 14800
1482, 27132, 14832
1484, 27196, 14868
1485, 27232, 14928
1486, 27260, 14964
1487, 27292, 14988
1488, 27320, 15024
1489, 27360, 15056
1490, 27384, 15156
1491, 27420, 15184
1492, 27448, 15216
1493, 27484, 15248
1495, 27548, 15280
1496, 27576, 15312
1497, 27608, 15352
1498, 27636, 15376
1499, 27668, 15408
1500, 27704, 15440
1501, 27732, 15576
1502, 27760, 15576
1503, 27792, 15608
1505, 27856, 15668
1506, 27888, 15696
1507, 27920, 15764
1508, 26204, 15792
1509, 26232, 15824
1510, 26268, 15924
1511, 26296, 15960
1512, 26332, 15988
1513, 26360, 16024
1514, 26308, 16052
1516, 26368, 16080
1517, 26400, 16112
1519, 26460, 16176
1520, 26492, 16208
1521, 26524, 16304
1522, 26556, 16340
1523, 26588, 16404
1525, 26656, 16436
1526, 26680, 16472
1527, 26716, 16496
1529, 26780, 16564
1530, 26808, 16696
1531, 26844, 16728
1532, 26872, 16760
1533, 26908, 16792
1534, 26936, 16824
1535, 26972, 16856
1536, 26996, 16884
1538, 27060, 16916
1539, 27100, 16976
1540, 27124, 17084
1541, 27156, 17112
1542, 27188, 17144
1543, 27216, 17172
1544, 27252, 17208
1545, 27284, 17240
1546, 27316, 17272
1547, 27344, 17300
1549, 27404, 17360
1550, 27440, 17364
1551, 27468, 17496
1552, 27504, 17532
1553, 27532, 17560
1555, 27596, 17592
1556, 27632, 17624
1557, 27656, 17684
1558, 27692, 17716
1559, 27724, 15632
1560, 27756, 15736
1561, 27784, 15768
1562, 27820, 15804
1563, 27848, 15832
1564, 27876, 14308
1565, 27908, 14336
1566, 27948, 14372
1567, 27976, 14404
1568, 28000, 14436
1569, 28036, 14464
1571, 28096, 14564
1572, 28128, 14592
1573, 28164, 14632
1574, 28192, 14692
1575, 28224, 14716
1576, 28252, 14748
1577, 28288, 14780
1578, 28316, 14812
1579, 28352, 14844
1580, 28380, 14948
1581, 28416, 14980
1582, 28440, 15008
1583, 28472, 15044
1585, 28532, 15072
1586, 28564, 15132
1587, 28596, 15168
1588, 28628, 15196
1589, 28656, 15228
1590, 28692, 15232
1591, 28720, 15360
1592, 28756, 15392
1593, 28780, 15420
1594, 28820, 15452
1595, 28848, 15488
1596, 28880, 15512
1597, 28908, 15548
1598, 28944, 15576
1599, 28972, 15608
1600, 29004, 15712
1601, 29036, 15744
1602, 29068, 15776
1603, 29096, 15804
1604, 29128, 15836
1605, 29164, 15872
1606, 29196, 15900
1607, 29224, 15932
1609, 29288, 15960
1610, 29312, 15996
1611, 29352, 16092
1612, 29380, 16160
1613, 29416, 16188
1614, 29440, 16220
1615, 29476, 16248
1616, 29516, 16288
1618, 29568, 16320
1619, 29604, 16376
1620, 29632, 16476
1621, 29656, 16504
1622, 29692, 16544
1623, 29728, 16572
1625, 29784, 16632
1626, 29816, 16664
1627, 29848, 16696
1628, 29880, 16728
1630, 29944, 16756
1631, 29968, 16888
1632, 30004, 16924
1633, 30036, 16956
1634, 30072, 16992
1635, 30104, 17016
1637, 30160, 17048
1638, 30192, 17080
1639, 30224, 17108
1640, 30260, 17144
1641, 30288, 17248
1642, 30316, 17280
1643, 30348, 17308
1644, 30384, 17340
1645, 30412, 17400
1646, 30444, 17432
1647, 30476, 17464
1648, 30508, 17496
1649, 30536, 17524
1651, 30600, 17632
1652, 30628, 17688
1653, 30664, 17720
1654, 30692, 17748
1655, 30732, 17784
1656, 30756, 17812
1657, 30792, 17844
1658, 30820, 17876
1659, 30856, 17908
1660, 30880, 18004
1661, 30920, 18044
1662, 30948, 18072
1663, 30976, 18104
1664, 31008, 18132
1665, 31040, 18164
1666, 31076, 18200
1667, 31104, 18228
1668, 31136, 18260
1669, 31168, 18292
1671, 31220, 18388
1672, 31260, 18420
1673, 31288, 18456
1674, 31320, 18512
1675, 31348, 18548
1676, 31384, 18576
1677, 31412, 18604
1678, 31448, 18640
1679, 31476, 18668
1680, 31512, 18776
1682, 31568, 18800
1683, 31604, 18836
1684, 31632, 18868
1686, 31696, 18928
1687, 31728, 18960
1688, 31760, 19024
1689, 31792, 19056
1690, 31824, 19160
1692, 31880, 19188
1693, 31916, 19220
1694, 31948, 19248
1695, 31980, 19312
1696, 32008, 19348
1697, 32044, 19376
1698, 32068, 19404
1699, 32104, 19436
1700, 32136, 19540
1701, 32172, 19572
1702, 32196, 17464
1703, 32232, 17496
1705, 32292, 17528
1706, 32324, 17556
1707, 32356, 17592
1708, 30644, 15964
1709, 30668, 16000
1710, 30704, 16028
1711, 30744, 16164
1712, 30772, 16192
1713, 30800, 16224
1714, 30772, 16256
1715, 30800, 16288
1716, 30836, 16320
1717, 30864, 16352
1719, 30924, 16380
1720, 30956, 16416
1721, 30988, 16544
1723, 31052, 16580
1724, 31084, 16608
1725, 31116, 16672
1726, 31148, 16700
1727, 31176, 16736
1728, 31208, 16764
1729, 31240, 16800
1731, 31300, 16896
1732, 31332, 16964
1733, 31372, 17000
1734, 31396, 17024
1735, 31432, 17056
1736, 31460, 17088
1737, 31492, 17116
1738, 31524, 17152
1739, 31564, 17184
1741, 31612, 17284
1742, 31644, 17316
1743, 31676, 17380
1744, 31708, 17408
1745, 31740, 17444
1747, 31804, 17504
1748, 31832, 17504
1749, 31868, 17568
1750, 31900, 17668
1751, 31924, 17696
1752, 31960, 17728
1754, 32024, 17760
1755, 32052, 17824
1756, 32088, 17856
1757, 29012, 14784
1758, 29044, 14816
1760, 29112, 14852
1761, 29144, 14960
1762, 29172, 14992
1763, 29204, 15048
1765, 29272, 15084
1767, 29332, 15148
1768, 29364, 15180
1769, 28128, 15240
1770, 28164, 15348
1771, 28196, 15380
1773, 28256, 15412
1774, 28280, 15436
1775, 28320, 15500
1776, 28348, 15536
1778, 28412, 15564
1779, 28448, 15600
1780, 28472, 15724
1781, 28512, 15760
1782, 28540, 15792
1783, 28572, 15820
1784, 28604, 15852
1786, 28664, 15880
1787, 28696, 15916
1788, 28728, 15980
1790, 28788, 16012
1791, 28820, 16140
1792, 28856, 16180
1793, 28884, 16208
1794, 28916, 16236
1795, 28944, 16268
1796, 28980, 16296
1797, 29004, 16328
1798, 29044, 16360
1799, 29072, 16396
1800, 29108, 16496
1802, 29168, 16528
1803, 29200, 16556
1804, 29228, 16592
1805, 29260, 16620
1806, 29292, 16652
1807, 29324, 16684
1808, 29352, 16716
1809, 29388, 16740
1810, 29420, 16880
1812, 29472, 16908
1813, 29512, 16940
1814, 29540, 16972
1815, 29572, 17004
1817, 29640, 17068
1818, 29664, 17100
1819, 29700, 17156
1820, 29732, 17160
1822, 29792, 17296
1823, 29824, 17320
1824, 29856, 17356
1825, 29884, 17384
1826, 29920, 17412
1827, 29952, 17480
1828, 29984, 17512
1829, 30012, 16272
1830, 30044, 16376
1831, 30080, 16412
1832, 30112, 16444
1833, 30136, 16472
1834, 30172, 16504
1836, 30232, 16532
1837, 30264, 16564
1838, 30300, 16600
1839, 30328, 16632
1840, 30360, 16764
1841, 30388, 16792
1842, 30424, 16832
1843, 30452, 16856
1844, 30480, 16856
1845, 30512, 16920
1846, 30544, 16956
1847, 30572, 16980
1849, 30640, 14916
1850, 30668, 15012
1851, 30700, 15040
1852, 30732, 15076
1853, 30768, 13568
1854, 30792, 13600
1855, 30828, 13628
1856, 30856, 13664
1857, 30888, 13688
1859, 30956, 13724
1860, 30984, 13856
1861, 31016, 13888
1862, 31044, 13916
1864, 31108, 13952
1865, 31140, 14012
1866, 31172, 14044
1868, 31232, 14108
1869, 31264, 14108
1870, 31300, 14248
1871, 31328, 14276
1872, 31360, 14304
1873, 31392, 14340
1874, 31424, 14368
1875, 31448, 14400
1876, 31488, 14432
1877, 31516, 14468
1879, 31576, 14528
1880, 31612, 14528
1881, 31644, 14628
1882, 31672, 14692
1883, 31704, 14724
1884, 31736, 14756
1885, 31768, 14788
1886, 31800, 14820
1887, 31832, 14852
1889, 31892, 14880
1890, 31924, 14936
1891, 31956, 15016
1892, 31992, 15080
1893, 32020, 15108
1894, 32048, 15140
1895, 32084, 15172
1896, 32108, 15200
1897, 32148, 15236
1898, 32176, 15236
1899, 32212, 15292
1900, 32236, 15396
1901, 32272, 15428
1902, 32300, 15460
1903, 32332, 15492
1905, 32396, 15552
1906, 32428, 15588
1907, 32456, 15612
1908, 32492, 15652
1909, 30796, 15680
1910, 30820, 15784
1912, 30884, 15812
1913, 30912, 15848
1914, 30948, 15876
1915, 45460, 15940
1916, 30916, 15972
1917, 30940, 15996
1918, 30976, 16032
1919, 31004, 16060
1920, 31044, 16068
1921, 31068, 16192
1922, 31108, 16228
1923, 31132, 16256
1924, 31160, 16288
1925, 31196, 16320
1926, 31228, 16352
1927, 31260, 16384
1928, 31288, 16412
1929, 31320, 16444
1930, 31352, 16548
1931, 31384, 16580
1932, 31416, 16612
1933, 31448, 16640
1934, 31480, 16676
1936, 31544, 16700
1937, 31580, 16768
1938, 31608, 16796
1939, 31640, 16828
1940, 31668, 16928
1941, 31696, 16964
1942, 31728, 16992
1944, 31792, 17024
1945, 31824, 17088
1946, 31852, 17092
1947, 31888, 17152
1948, 31920, 17180
1949, 31948, 17212
1950, 31984, 17312
1951, 32016, 17348
1952, 32048, 17380
1953, 32080, 17412
1955, 32140, 17440
1956, 32172, 17476
1957, 32200, 17500
1958, 32240, 17568
1959, 32268, 17600
1960, 32300, 17700
1962, 32360, 17732
1963, 32388, 17764
1964, 32424, 17792
1965, 32456, 17828
1966, 32488, 17864
1967, 32516, 17924
1968, 32548, 17924
1969, 32580, 17988
1970, 32612, 18088
1971, 32648, 18120
1972, 32684, 18152
1974, 32740, 18180
1975, 32776, 18244
1976, 32804, 18280
1977, 32836, 18304
1979, 32900, 18336
1980, 32928, 18368
1981, 32960, 18508
1982, 32992, 18540
1983, 33028, 18568
1984, 33056, 18600
1985, 33088, 18628
1986, 33124, 18668
1987, 33156, 18696
1988, 33184, 18728
1989, 33216, 18756
1990, 33248, 16732
1991, 33276, 16760
1992, 33312, 16796
1993, 33348, 16828
1995, 33404, 17772
1996, 33436, 15240
1997, 33468, 15312
1998, 33500, 15340
1999, 33528, 15372
2001, 33592, 15476
2002, 33620, 15504
2003, 33656, 15532
2004, 33688, 15568
2005, 33716, 15596
2006, 33748, 15656
2007, 33776, 15664
2008, 33812, 15724
2009, 33840, 15756
2010, 33872, 15852
2011, 33904, 15888
2013, 33964, 15916
2014, 33972, 15944
2015, 34028, 16012
2016, 34056, 16036
2017, 34088, 16068
2018, 34116, 16100
2019, 34156, 16128
2020, 34180, 16232
2021, 34216, 16264
2023, 34268, 16292
2024, 34300, 16324
2025, 34336, 16352
2026, 34368, 16416
2027, 34396, 16448
2028, 34428, 16476
2029, 34460, 16508
2030, 34492, 16608
2031, 34524, 16636
2032, 34552, 16672
2033, 34584, 16700
2034, 34612, 16728
2035, 34644, 16760
2036, 34680, 16796
2038, 34716, 16820
2039, 34768, 16852
2040, 34796, 16880
2041, 34824, 17008
2042, 34860, 17048
2043, 34892, 17076
2044, 34920, 17108
2045, 34952, 17136
2047, 35020, 17176
2048, 35044, 17204
2049, 35076, 17260
2050, 35108, 17360
2051, 35136, 17388
2052, 35168, 17420
2053, 35204, 17424
2054, 35236, 17492
2055, 35264, 17516
2056, 35296, 17548
2057, 35328, 17580
2058, 35360, 17612
2060, 35416, 17692
2061, 35448, 17772
2062, 35476, 17804
2063, 35508, 17804
2064, 35544, 17832
2065, 35576, 17872
2066, 35604, 17924
2067, 35636, 17960
2068, 35668, 17988
2069, 35700, 18020
2070, 35732, 18120
2072, 35792, 18152
2073, 35820, 18212
2075, 35888, 18244
2076, 35916, 18280
2077, 35948, 18336
2078, 35980, 18368
2079, 36008, 18400
2081, 36072, 18500
2082, 36104, 18564
2083, 36132, 18596
2084, 36164, 18624
2085, 36196, 18656
2086, 36232, 18688
2087, 36260, 18716
2088, 36292, 18748
2090, 36348, 18808
2091, 36384, 18916
2092, 36416, 18944
2093, 36448, 18980
2094, 36476, 19004
2095, 36508, 19040
2096, 36540, 19064
2097, 36572, 19092
2098, 36604, 19128
2099, 36636, 19156
2101, 36692, 19264
2102, 36724, 19288
2103, 36760, 19320
2104, 36784, 19380
2105, 36816, 19384
2106, 36848, 19444
2107, 36880, 19476
2108, 36912, 19508
2110, 36976, 19540
2111, 35264, 19644
2112, 35296, 19704
2113, 35328, 19728
2114, 35364, 19768
2115, 35392, 19792
2117, 38696, 19828
2119, 35408, 19884
2120, 35452, 19920
2121, 35480, 20052
2122, 35508, 20080
2123, 35540, 20112
2124, 35572, 20144
2125, 35604, 20172
2126, 35636, 20208
2127, 35668, 20236
2128, 35700, 20268
2129, 35728, 20296
2131, 35796, 20396
2132, 35804, 20432
2134, 35884, 20516
2135, 35916, 20552
2136, 35948, 20584
2137, 35980, 20616
2138, 36012, 20648
2139, 36040, 18548
2140, 36068, 18644
2141, 36104, 18680
2142, 36136, 18712
2143, 36164, 18740
2145, 36228, 17236
2146, 36260, 17268
2147, 36292, 17332
2148, 36324, 17360
2149, 36356, 17396
2150, 36380, 17488
2151, 36412, 17524
2152, 36448, 17556
2154, 36508, 17592
2155, 36540, 17616
2156, 36572, 17652
2157, 36600, 17712
2158, 36636, 17744
2159, 36668, 17776
2160, 36696, 17876
2161, 36724, 17904
2162, 36756, 17936
2163, 36788, 17964
2164, 36820, 18000
2165, 36852, 18028
2166, 36884, 18064
2167, 36916, 18092
2168, 36944, 18124
2169, 36980, 18156
2170, 37012, 18260
2171, 37040, 18288
2172, 37072, 18320
2173, 37104, 18352
2174, 37136, 18384
2175, 37168, 18416
2176, 37200, 18452
2177, 37232, 18484
2178, 37260, 18512
2180, 37328, 18544
2181, 37356, 18652
2182, 37384, 18712
2183, 37416, 18740
2184, 37448, 18776
2185, 37476, 18800
2186, 37512, 18840
2187, 37544, 18868
2188, 37576, 18900
2190, 37636, 18928
2191, 37672, 19032
2192, 37700, 19096
2193, 37732, 19128
2194, 37764, 19160
2195, 37796, 19192
2196, 37824, 19220
2198, 37892, 19256
2199, 37924, 19284
2200, 37952, 19316
2201, 37980, 19448
2202, 38016, 19484
2203, 38044, 19512
2204, 38076, 19544
2205, 38108, 19544
2206, 38140, 19580
2207, 38168, 19608
2208, 38204, 19636
2209, 38236, 19672
2210, 38264, 19704
2211, 38296, 19800
2212, 38328, 19864
2213, 38364, 19904
2214, 38392, 19928
2215, 38424, 19964
2216, 38456, 19992
2217, 38488, 20028
2218, 38520, 20056
2220, 38580, 18348
2221, 38608, 18480
2222, 38640, 18512
2223, 38672, 18544
2224, 38708, 18580
2225, 38736, 18608
2226, 38772, 18640
2227, 38800, 18676
2228, 38828, 18704
2229, 38864, 18740
2230, 38896, 18840
2232, 38956, 18876
2233, 38988, 18936
2234, 39020, 18964
2235, 39052, 18992
2236, 39084, 19028
2237, 39116, 19056
2238, 39144, 19092
2239, 39172, 19116
2241, 39240, 19228
2242, 39268, 19256
2243, 39276, 19288
2244, 39332, 19316
2245, 39364, 19380
2246, 39396, 19412
2247, 39428, 19444
2249, 39488, 19476
2250, 39520, 19608
2251, 39556, 19644
2253, 39616, 19704
2254, 39648, 19736
2255, 39680, 19736
2256, 39712, 19800
2257, 39740, 19832
2258, 39776, 19864
2259, 39804, 19892
2260, 39832, 19992
2261, 39864, 20020
2263, 39932, 20056
2264, 39960, 20116
2265, 39992, 20148
2266, 40024, 20152
2267, 40052, 20208
2268, 40088, 20244
2269, 38340, 20276
2270, 38372, 20380
2271, 38400, 20408
2272, 38432, 20440
2273, 38468, 20476
2274, 38496, 20504
2276, 38560, 20536
2277, 38596, 20568
2278, 38620, 20600
2279, 38660, 20668
2280, 38688, 20768
2282, 38724, 18660
2283, 38784, 18724
2284, 38816, 18756
2285, 38852, 18788
2287, 38908, 17196
2288, 38936, 17196
2289, 38976, 17256
2290, 39008, 17360
2291, 39040, 17392
2292, 39068, 17420
2293, 39100, 17448
2294, 39132, 17484
2295, 39168, 17520
2296, 39196, 17548
2297, 39224, 17576
2299, 39284, 17612
2300, 39320, 17744
2301, 39352, 17776
2302, 39388, 17812
2303, 39412, 17836
2304, 39448, 17872
2305, 39476, 17900
2306, 39508, 17936
2308, 39572, 17996
2309, 39604, 18028
2310, 39632, 18028
2311, 37932, 18168
2312, 37964, 18200
2313, 37996, 18232
2314, 38020, 18260
2315, 38056, 18292
2316, 38084, 18324
2317, 38044, 18356
2318, 38072, 18388
2319, 38108, 18416
2321, 38164, 18520
2322, 38196, 18548
2323, 38232, 18616
2324, 38260, 18644
2325, 38292, 18676
2326, 38324, 18708
2327, 38356, 18740
2328, 38388, 18772
2329, 38420, 18804
2330, 38452, 18908
2331, 38480, 18936
2333, 38548, 18964
2334, 38580, 19008
2335, 38604, 19064
2336, 38640, 19096
2337, 38668, 19128
2338, 38700, 19152
2339, 38732, 19192
2340, 38768, 19292
2341, 38796, 19324
2343, 38848, 19348
2345, 38924, 19416
2346, 38952, 19480
2347, 38984, 19480
2348, 39016, 19544
2349, 39048, 19580
2350, 39080, 19580
2351, 39112, 19716
2352, 39144, 19744
2353, 39172, 19772
2354, 39200, 19804
2355, 39240, 19840
2356, 39264, 19868
2357, 39300, 19900
2359, 39336, 19932
2360, 39392, 20068
2361, 39424, 20072
2362, 39460, 20136
2363, 39492, 20168
2364, 39520, 20196
2365, 39552, 20228
2366, 39588, 20264
2367, 39616, 20292
2368, 39648, 20324
2369, 39684, 20356
2370, 39712, 20460
2371, 39744, 20492
2372, 39776, 20524
2373, 39808, 20528
2374, 39836, 20588
2376, 39900, 20620
2377, 39932, 20684
2378, 39964, 20684
2379, 39996, 20744
2380, 40032, 20844
2381, 40060, 20880
2382, 40088, 20908
2383, 40120, 20944
2384, 40152, 20976
2385, 40180, 21008
2387, 40252, 21036
2388, 40284, 21076
2389, 40312, 21104
2390, 40344, 21136
2391, 40380, 21276
2392, 40408, 21308
2393, 40440, 21340
2394, 40468, 21368
2395, 40500, 21368
2396, 40532, 21428
2397, 40564, 21464
2398, 40604, 21496
2399, 40632, 21532
2401, 40692, 21628
2402, 40724, 21664
2403, 40756, 21696
2405, 40820, 21760
2406, 40852, 21796
2407, 40880, 21852
2408, 40912, 21852
2409, 40948, 21884
2410, 40976, 21924
2411, 41004, 22048
2413, 41068, 22084
2414, 41100, 22116
2415, 41132, 22148
2416, 41164, 22180
2417, 41192, 22240
2419, 41256, 22272
2420, 41292, 22304
2421, 41320, 22420
2423, 41388, 22476
2424, 41420, 22508
2425, 41452, 22548
2426, 41480, 20444
2427, 41512, 20476
2428, 41544, 20504
2429, 41576, 20572
2431, 41640, 19128
2432, 41676, 19156
2433, 41704, 19192
2434, 41744, 19252
2435, 41772, 19284
2436, 41800, 19312
2437, 41828, 19344
2438, 41864, 19376
2439, 41892, 19408
2440, 41928, 19516
2442, 41988, 19548
2444, 42048, 19612
2445, 42088, 19680
2446, 42120, 19708
2447, 42148, 19712
2448, 42180, 19768
2449, 42212, 19772
2450, 42240, 19804
2451, 42276, 19944
2452, 42308, 19976
2453, 42340, 20008
2454, 42372, 20036
2455, 42404, 20068
2456, 42440, 20104
2457, 42472, 20136
2458, 42500, 20164
2459, 42532, 20200
2461, 42592, 20304
2463, 42660, 20368
2464, 42692, 20408
2465, 42720, 20464
2466, 42752, 20496
2467, 42788, 20532
2468, 42816, 20560
2469, 42848, 20592
2470, 42880, 20700
2471, 42912, 20732
2473, 42976, 20760
2474, 43008, 20824
2475, 43040, 20856
2476, 43072, 20884
2477, 43104, 20920
2478, 43140, 20952
2479, 43164, 20980
2480, 43200, 21088
2481, 43228, 21116
2482, 43256, 21148
2484, 43324, 21176
2485, 43356, 21244
2486, 43388, 21276
3292, 49000, 23776
3294, 48936, 23848
3295, 48996, 23908
3296, 49024, 23940
3297, 49652, 23972
3298, 49412, 24000
3299, 49444, 24032
3301, 49512, 24140
3302, 49540, 24176
3303, 49576, 24228
3304, 49604, 24268
3305, 49644, 24292
3306, 49668, 24328
3307, 49704, 24356
3308, 49732, 24392
3309, 49772, 24416
3310, 49796, 24520
3311, 49836, 24556
3313, 49888, 24580
3314, 49928, 24616
3315, 49956, 24648
3316, 49992, 24684
3317, 50016, 24744
3318, 50052, 24772
3320, 50116, 24804
3321, 50144, 24944
3322, 50180, 24976
3323, 50204, 25004
3324, 50244, 25036
3325, 50276, 25068
3326, 50312, 25104
3327, 50336, 25132
3328, 50372, 25164
3329, 50400, 25196
3330, 50432, 25292
3332, 50492, 25328
3333, 50528, 25360
3334, 50552, 25424
3335, 50588, 25424
3336, 50624, 25488
3337, 50656, 25516
3338, 50684, 25552
3339, 50720, 25584
3341, 50780, 25720
3342, 50812, 25748
3343, 50848, 25784
3344, 50872, 25812
3345, 50908, 25844
3347, 50972, 25876
3349, 51036, 25972
3350, 51068, 26080
3352, 51128, 26104
3353, 51160, 26140
3354, 51192, 26204
3355, 51220, 26232
3356, 51260, 26268
3357, 51288, 26300
3358, 51320, 26328
3359, 51352, 26356
3360, 51388, 26472
3361, 51412, 26500
3362, 51448, 26532
3363, 51476, 26560
3364, 51520, 26592
3366, 51580, 26624
3367, 51608, 26656
3368, 51640, 26688
3369, 51668, 26724
3370, 51704, 26852
3371, 51736, 26888
3372, 51764, 26920
3373, 51796, 26948
3374, 51828, 26988
3375, 51864, 27016
3376, 51892, 27048
3378, 51952, 27080
3379, 51988, 27112
3380, 52016, 27140
3381, 52056, 27244
3382, 52084, 27280
3383, 52120, 27344
3384, 52148, 27372
3385, 52180, 27404
3386, 52212, 27432
3388, 52276, 27504
3389, 52308, 27536
3390, 52336, 27632
3391, 52372, 27668
3392, 52404, 27696
3393, 52432, 27740
3394, 52468, 27764
3395, 52496, 27796
3396, 52532, 27828
3397, 52572, 27860
3399, 52624, 27920
3400, 52660, 28028
3401, 52688, 28060
3402, 52720, 28092
3403, 52752, 28128
3404, 52788, 28160
3405, 52816, 28192
3406, 52852, 28220
3407, 52888, 28256
3408, 52916, 28280
3410, 52976, 28316
3411, 53008, 26340
3412, 53040, 26368
3413, 53068, 26400
3414, 53100, 26436
3415, 53136, 24868
3416, 53164, 24904
3417, 53200, 24932
3418, 53228, 24960
3419, 53264, 24992
3421, 53328, 25136
3422, 53356, 25164
3423, 53388, 25196
3424, 53416, 25228
3425, 53456, 25256
3426, 53484, 25292
3427, 53520, 25324
3428, 53548, 25356
3429, 53584, 25384
3430, 53608, 25492
3432, 53672, 25520
3433, 53704, 25556
3434, 53736, 25612
3435, 53768, 25620
3436, 53808, 25680
3437, 53832, 25716
3438, 53868, 25748
3439, 53896, 25776
3440, 53928, 25884
3441, 53956, 25912
3443, 54028, 25976
3444, 54060, 26012
3445, 54088, 26040
3447, 54152, 26100
3448, 54184, 26132
3449, 54216, 26136
3450, 54244, 26172
3451, 54276, 26272
3452, 54308, 26304
3453, 54344, 26368
3454, 54376, 26396
3455, 54408, 26432
3456, 54436, 26464
3457, 54468, 26492
3459, 54508, 26524
3460, 54564, 26664
3461, 54596, 26696
3462, 54628, 26724
3463, 54664, 26760
3464, 54692, 26784
3466, 54756, 26824
3467, 54784, 26852
3468, 54816, 26888
3469, 54848, 26912
3470, 54884, 27052
3471, 54916, 27084
3472, 54948, 27116
3473, 54980, 27148
3474, 55008, 27152
3475, 55040, 27212
3477, 55108, 27248
3478, 55140, 27304
3479, 55168, 27304
3480, 55208, 27448
3481, 55236, 27480
3482, 55268, 27480
3483, 55296, 27512
3484, 55332, 27572
3485, 55356, 27576
3486, 55396, 27608
3487, 55428, 27672
3488, 55460, 27704
3489, 53756, 27736
3490, 53788, 27840
3491, 53824, 27868
3492, 53848, 27908
3493, 53888, 27936
3494, 53916, 27972
3496, 53980, 28000
3497, 54020, 28060
3498, 54048, 28100
3499, 54080, 28128
3500, 54108, 28232
3501, 54144, 28264
3503, 54212, 28300
3504, 54240, 28328
3505, 54276, 28392
3506, 54300, 28420
3507, 54332, 28452
3508, 54368, 28484
3509, 54404, 28524
3510, 54432, 28624
3512, 54496, 28688
3513, 54524, 28724
3514, 54560, 28752
3515, 54588, 28752
3517, 54648, 28816
3518, 54692, 25748
3519, 69212, 25780
3520, 87516, 25812
3521, 54732, 25920
3522, 54768, 25952
3523, 54804, 26016
3524, 54832, 26048
3525, 54864, 26076
3526, 54896, 26112
3527, 54924, 26148
3529, 54996, 26180
3530, 55024, 26312
3531, 55056, 26344
3532, 55084, 26376
3533, 55120, 26408
3534, 55148, 26440
3535, 55184, 26472
3536, 55212, 26508
3537, 55252, 26540
3538, 55284, 26572
3539, 55316, 26604
3541, 55376, 26712
3542, 55404, 26772
3543, 55440, 26800
3544, 55464, 26836
3545, 55500, 26864
3546, 55540, 26900
3548, 55596, 26928
3549, 55624, 26996
3550, 55664, 27000
3552, 55728, 25032
3553, 55756, 25092
3555, 55820, 25128
3556, 55856, 23540
3557, 55888, 23572
3558, 55924, 23600
3560, 55984, 23636
3561, 56016, 23772
3562, 56048, 23800
3564, 56104, 23864
3565, 56136, 23900
3567, 56208, 23928
3568, 56236, 23968
3569, 56268, 24032
3571, 56332, 24136
3572, 56360, 24196
3573, 56396, 24236
3575, 56460, 24264
3576, 56488, 24328
3578, 56556, 24364
3579, 56592, 24424
3580, 56616, 24532
3581, 56644, 24568
3582, 56688, 24596
3584, 56748, 24628
3585, 56776, 24660
3586, 56812, 24724
3588, 56876, 24752
3589, 56904, 24816
3590, 56936, 24924
3591, 56968, 25020
3592, 57004, 24360
3593, 57032, 24384
3594, 57068, 24420
3596, 57132, 24448
3597, 57156, 24484
3598, 57184, 24516
3599, 57224, 24580
3600, 57252, 24680
3601, 57288, 24716
3602, 57316, 24716
3603, 57352, 24784
3604, 57380, 24812
3605, 57416, 24840
3606, 57444, 24876
3607, 57476, 24900
3609, 57544, 24944
3610, 57576, 24972
3611, 57608, 25104
3612, 57636, 25136
3613, 57672, 25140
3614, 57696, 25204
3615, 57736, 25232
3616, 57764, 25264
3617, 57792, 25300
3618, 57828, 25324
3620, 57892, 25364
3621, 57920, 25504
3622, 57956, 25528
3624, 58020, 25564
3626, 58088, 25632
3627, 58116, 25660
3628, 58148, 25724
3630, 58212, 25760
3631, 58248, 25904
3632, 58280, 25932
3633, 58308, 25964
3634, 58348, 25992
3635, 58376, 26032
3637, 58440, 26096
3638, 58468, 26124
3639, 58500, 26156
3641, 58568, 26292
3642, 58596, 26328
3644, 58660, 26356
3645, 58696, 26388
3646, 58724, 26456
3647, 58764, 26484
3648, 58792, 26520
3649, 58824, 26548
3651, 58888, 26656
3652, 58924, 26696
3653, 58948, 26756
3654, 58984, 26788
3655, 59016, 26820
3657, 59076, 26856
3658, 59116, 26916
3660, 59176, 26976
3661, 59204, 27080
3662, 59244, 27088
3663, 59272, 27148
3664, 59308, 27188
3666, 59372, 27240
3667, 59396, 27244
3668, 59432, 27280
3669, 59464, 27340
3670, 59492, 27436
3671, 59524, 27480
3672, 59560, 27480
3673, 59588, 27544
3674, 59620, 27572
3675, 59656, 27608
3677, 59716, 27636
3678, 59748, 27700
3679, 59784, 27736
3680, 59812, 27840
3681, 59848, 27876
3682, 59876, 27876
3683, 58208, 27936
3684, 58232, 27968
3685, 58272, 28008
3686, 58300, 28032
3688, 58364, 28064
3689, 58400, 28100
3690, 58436, 26144
3691, 58464, 26144
3692, 58500, 26208
3693, 58532, 26240
3694, 58564, 26272
3696, 58628, 24708
3697, 58656, 24768
3698, 58688, 24800
3699, 58716, 24800
3700, 58756, 24832
3701, 58788, 24968
3702, 58820, 25004
3703, 58848, 25032
3704, 58884, 25064
3706, 58944, 25100
3707, 58980, 25136
3708, 59008, 25164
3709, 59040, 25196
3710, 59072, 25224
3711, 59104, 25340
3712, 59132, 25400
3713, 59168, 25428
3714, 59204, 25464
3715, 59232, 25488
3716, 80892, 25492
3717, 59192, 25560
3718, 59224, 25596
3720, 59280, 25620
3722, 59348, 25764
3723, 59388, 25792
3725, 59448, 25856
3726, 59476, 25892
3727, 59512, 25928
3728, 59544, 25988
3729, 59576, 26020
3730, 59612, 26128
3732, 59676, 26160
3733, 59704, 26204
3734, 59740, 26256
3735, 59776, 26292
3736, 59804, 26320
3737, 59832, 26320
3738, 59872, 26392
3739, 59900, 26424
3740, 59936, 26528
3742, 60004, 26596
3743, 60028, 26632
3744, 60060, 26660
3745, 60096, 26692
3747, 60160, 26728
3748, 60192, 26760
3749, 60228, 26828
3751, 60292, 26936
3752, 60324, 27000
3753, 60360, 27032
3755, 60420, 27064
3756, 60452, 27128
3757, 60484, 27128
3758, 60512, 27160
3759, 60552, 27192
3760, 60576, 27336
3761, 60616, 27360
3762, 60644, 27396
3764, 60708, 27428
3765, 60740, 27492
3766, 60772, 27524
3767, 60804, 27560
3769, 60872, 27596
3770, 60904, 27620
3771, 60932, 27768
3772, 60976, 27800
3773, 61004, 27828
3775, 61060, 27864
3776, 61100, 27932
3777, 61132, 27960
3778, 61160, 27996
3779, 61192, 28024
3780, 61224, 28132
3781, 61256, 28164
3782, 61284, 28204
3783, 61324, 28228
3784, 61356, 28264
3786, 61416, 28292
3788, 61488, 28396
3789, 61516, 28428
3790, 61548, 28448
3791, 61584, 28532
3792, 61612, 28600
3793, 61648, 28636
3794, 61680, 28664
3795, 61712, 28696
3796, 61744, 28728
3798, 61804, 28768
3799, 61836, 28832
3800, 61872, 28936
3801, 61904, 28968
3802, 61936, 28968
3803, 61964, 29036
3805, 62012, 29068
3806, 62064, 29100
3807, 62096, 29168
3808, 62128, 29168
3809, 62164, 29200
3810, 62196, 29332
3811, 62228, 29372
3812, 62260, 29396
3813, 62288, 29436
3814, 62316, 29440
3815, 62348, 29472
3816, 62388, 29508
3817, 62420, 29568
3818, 62452, 29604
3820, 62516, 29632
3821, 62548, 29768
3822, 62580, 29804
3823, 62616, 29836
3824, 62644, 29872
3825, 62684, 29900
3826, 62712, 29936
3827, 62752, 29968
3828, 62776, 27900
3830, 62844, 27928
3831, 62868, 28036
3832, 62904, 28068
3833, 62936, 28104
3834, 62972, 26492
3835, 63000, 26548
3836, 63032, 26588
3837, 63068, 26588
3838, 63096, 26620
3839, 63132, 26684
3840, 63164, 26796
3841, 63200, 26820
3842, 63228, 26852
3844, 63292, 26888
3845, 63324, 26956
3846, 63356, 26988
3847, 63392, 27024
3848, 63424, 27056
3849, 63456, 27088
3850, 63488, 27196
3852, 63556, 27232
3853, 63584, 27260
3854, 63620, 27332
3855, 63652, 27364
3856, 63684, 27392
3857, 63716, 27424
3858, 63748, 27456
3859, 63776, 27492
3860, 63812, 27600
3862, 63880, 27664
3863, 63908, 27664
3864, 63940, 27728
3865, 63972, 27764
3866, 64008, 27796
3867, 64036, 27824
3868, 64072, 27856
3869, 64100, 27892
3870, 64140, 28004
3872, 64200, 28068
3873, 64236, 28100
3875, 64284, 28128
3876, 62608, 28196
3877, 62648, 28228
3878, 62676, 28260
3879, 62712, 28288
3881, 62780, 28432
3882, 62808, 28468
3884, 62872, 28496
3885, 62908, 28532
3886, 62936, 28600
3887, 62972, 28628
3888, 63008, 28664
3889, 63032, 28692
3891, 63100, 28804
3892, 63136, 28876
3893, 63164, 28900
3895, 63232, 28932
3896, 63268, 28968
3897, 63292, 29032
3898, 63332, 29064
3899, 63364, 29100
3900, 63396, 29204
3901, 63424, 29208
3902, 63460, 29272
3903, 63488, 29304
3904, 63524, 29336
3905, 63556, 29368
3906, 63584, 29396
3908, 65464, 29428
3909, 63628, 29476
3910, 63656, 29568
3911, 63688, 29636
3913, 63752, 29668
3915, 63820, 29740
3916, 63852, 29800
3917, 63888, 29832
3919, 63948, 29868
3920, 63980, 29900
3921, 64016, 30040
3923, 64076, 30068
3924, 64108, 30108
3925, 64144, 30172
3926, 64176, 30200
3927, 64204, 30232
3929, 64264, 30272
3930, 64308, 30304
3931, 64336, 30436
3932, 64372, 30468
3933, 64396, 30468
3934, 64436, 30500
3935, 64464, 30540
3936, 64500, 30600
3937, 64528, 30628
3938, 64564, 30664
3939, 64596, 30692
3941, 64660, 30808
3942, 64692, 30836
3943, 64732, 30900
3944, 64756, 30944
3946, 64824, 30972
3947, 64860, 31036
3948, 64888, 31072
3949, 64924, 31100
3950, 64952, 31132
3952, 65020, 31244
3953, 65060, 31312
3954, 65088, 31344
3955, 65116, 31376
3956, 65152, 31412
3957, 65184, 31416
3959, 65248, 31476
3960, 65284, 31624
3961, 65312, 31656
3963, 65380, 29608
3964, 65416, 29640
3965, 65444, 29676
3966, 65480, 29708
3968, 65548, 29744
3969, 65572, 28108
3970, 65604, 28244
3971, 65640, 28284
3972, 65676, 28316
3973, 65712, 28344
3974, 65736, 28380
3976, 65804, 28444
3977, 65832, 28476
3979, 65904, 28512
3980, 65928, 28544
3981, 65964, 28648
3982, 65996, 28684
3983, 66036, 28720
3984, 66060, 28756
3985, 66096, 28780
3986, 66124, 28844
3987, 66152, 28876
3988, 66192, 28912
3989, 66224, 28940
3991, 66288, 29080
3992, 66320, 29120
3994, 66388, 29148
3995, 66416, 29208
3996, 66452, 29252
3998, 66516, 29288
3999, 66548, 29316
4000, 66584, 29348
4001, 66612, 29456
4002, 66644, 29524
4003, 66672, 29556
4004, 66708, 29588
4005, 66744, 29612
4007, 66804, 29648
4008, 66836, 29716
4009, 66864, 29744
4010, 66900, 29848
4011, 66932, 29880
4013, 66992, 29948
4014, 67024, 29976
4015, 67060, 30012
4016, 67088, 30012
4018, 67148, 30072
4019, 67184, 30140
4020, 67212, 30236
4021, 67248, 30272
4022, 67276, 30300
4024, 67340, 30332
4025, 67372, 30372
4026, 67408, 30432
4027, 67436, 30436
4028, 67468, 30464
4029, 67500, 30496
4030, 67532, 30532
4031, 67564, 30632
4032, 67600, 30696
4034, 67656, 30728
4035, 67692, 30764
4036, 67724, 30800
4037, 67756, 30860
4038, 67788, 30860
4039, 67816, 30888
4040, 67848, 30924
4041, 67880, 31064
4042, 67916, 31092
4043, 67948, 31128
4044, 67980, 31156
4045, 68008, 31192
4047, 68076, 31224
4048, 68108, 31288
4049, 68136, 31292
4050, 68172, 31428
4052, 68240, 31492
4053, 68268, 31520
4055, 68328, 31556
4056, 68360, 31588
4057, 68396, 31652
4059, 68460, 31688
4060, 68488, 31720
4061, 68524, 31824
4062, 68560, 31892
4063, 68592, 31920
4064, 68620, 31960
4065, 68656, 31992
4067, 67012, 32024
4068, 67040, 32084
4069, 67076, 32116
4070, 67104, 32116
4071, 67136, 32256
4072, 67168, 32288
4074, 67232, 32320
4075, 67268, 32380
4076, 67300, 32412
4077, 67332, 29416
4078, 67364, 29444
4079, 67396, 29476
4080, 67428, 29580
4081, 67460, 29612
4082, 67492, 29652
4083, 67520, 29684
4085, 67588, 29708
4086, 67620, 29748
4087, 67648, 29812
4089, 67708, 29844
4090, 67752, 29928
4091, 67780, 30012
4092, 67808, 30012
4093, 67840, 30080
4094, 67872, 30108
4095, 67912, 30140
4096, 67940, 30172
4097, 67972, 30204
4098, 68004, 30236
4099, 68032, 30272
4101, 73664, 30372
4102, 105364, 30412
4103, 68084, 28344
4105, 68148, 28376
4106, 68180, 28404
4107, 68212, 30540
4108, 68244, 26844
4109, 68280, 26912
4110, 68304, 27016
4112, 68372, 27076
4113, 68408, 27112
4114, 68432, 27144
4115, 68464, 27176
4116, 68496, 27208
4117, 68532, 27236
4118, 68564, 27272
4119, 68596, 27300
4120, 68628, 27412
4121, 68656, 27440
4122, 68692, 27476
4124, 68756, 27504
4125, 68784, 27544
4126, 68820, 27600
4127, 68848, 27632
4128, 68884, 27664
4129, 68912, 27696
4130, 68948, 27800
4131, 68976, 27836
4132, 69012, 27872
4133, 69044, 27900
4134, 69084, 27932
4136, 69140, 27960
4138, 69200, 28056
4139, 69236, 28092
4140, 69268, 28092
4141, 69300, 28228
4142, 69328, 28264
4143, 69364, 28296
4144, 69400, 28320
4145, 69428, 28352
4146, 69456, 28388
4147, 69492, 28416
4148, 69524, 28452
4149, 69556, 28484
4151, 69624, 28588
4152, 69648, 28620
4153, 69684, 28684
4155, 69748, 28712
4156, 69780, 28780
4157, 69812, 28812
4158, 69848, 28840
4160, 69908, 28984
4161, 69944, 28996
4162, 69980, 29048
4163, 70008, 29080
4165, 70072, 29116
4166, 70104, 29180
4167, 70132, 29212
4169, 70196, 29268
4170, 67136, 29380
4171, 67168, 29416
4173, 67232, 29480
4174, 67264, 29508
4175, 67300, 29540
4177, 67364, 29572
4178, 67400, 29636
4179, 67428, 29660
4181, 67492, 29804
4182, 67524, 29836
4184, 67584, 29864
4185, 66980, 29932
4186, 67016, 29960
4187, 67048, 29996
4188, 67072, 30028
4189, 67108, 30060
4191, 67148, 30164
4192, 67192, 30192
4193, 67236, 30232
4194, 67268, 30256
4195, 67300, 30320
4196, 67328, 30352
4197, 67368, 30384
4199, 67428, 30420
4200, 67456, 30452
4201, 67488, 30580
4202, 67516, 30616
4203, 67552, 30644
4204, 67588, 30684
4205, 67616, 30712
4206, 67648, 30748
4207, 67680, 30772
4208, 67716, 30804
4209, 67740, 30840
4210, 67776, 30944
4211, 67808, 30972
4212, 67836, 30972
4213, 67840, 31004
4214, 67908, 31076
4215, 67936, 31104
5044, 84492, 35732
5045, 82800, 35760
5046, 82832, 35796
5048, 82896, 35828
5049, 82928, 35860
5050, 79864, 35896
5052, 79924, 36032
5053, 79960, 36068
5054, 79996, 36128
5055, 80024, 36156
5056, 80056, 36192
5057, 80088, 36224
5058, 80120, 36256
5060, 80184, 36324
5061, 80216, 36420
5062, 80248, 36460
5063, 80280, 36488
5065, 79724, 36520
5066, 79752, 36584
5068, 79812, 36616
5069, 79844, 36648
5070, 79872, 36784
5071, 79916, 36812
5072, 79944, 36848
5073, 79972, 36880
5075, 80036, 36912
5076, 80064, 36944
5077, 80100, 37004
5078, 80132, 37040
5079, 80164, 37068
5080, 122488, 37180
5082, 80188, 37204
5083, 80220, 37240
5084, 80252, 37268
5085, 80284, 37300
5086, 80316, 37332
5087, 80340, 37400
5088, 80384, 35304
5089, 80412, 35344
5090, 80444, 35444
5091, 80476, 35484
5093, 80540, 35512
5094, 80572, 33968
5095, 80600, 34000
5096, 80632, 34032
5098, 80696, 34096
5099, 80732, 34124
5100, 80764, 34232
5101, 80792, 34268
5103, 80852, 34292
5104, 80892, 34328
5105, 80920, 34356
5106, 80952, 34420
5107, 80984, 34424
5108, 81012, 34488
5109, 81048, 34516
5110, 81080, 34620
5111, 81116, 34656
5112, 81140, 34688
5113, 81180, 34716
5115, 81236, 34752
5116, 81268, 34784
5117, 81304, 34812
5118, 81336, 34848
5119, 81364, 34908
5120, 81396, 35012
5121, 81432, 35044
5122, 81460, 35076
5123, 81496, 35112
5125, 81556, 35172
5126, 81592, 35204
5127, 81624, 35236
5128, 81656, 35272
5129, 81680, 35304
5130, 81716, 35408
5131, 81744, 35436
5132, 81784, 35468
5133, 81808, 35504
5134, 81844, 35536
5135, 81876, 35568
5136, 81908, 35600
5138, 81964, 35628
5139, 82004, 35660
5140, 82032, 35692
5141, 82064, 35828
5142, 82096, 35864
5143, 82128, 35892
5145, 82196, 35928
5146, 82228, 35956
5147, 82256, 36020
5148, 82284, 36052
5149, 82324, 36084
5150, 82352, 36196
5151, 82388, 36224
5153, 82452, 36256
5154, 82480, 36320
5155, 82516, 36348
5156, 82548, 36380
5158, 82608, 36440
5159, 82640, 36444
5160, 82676, 36488
5161, 82704, 36616
5162, 82736, 36620
5163, 82768, 36680
5164, 82800, 36708
5165, 82836, 36740
5166, 82868, 36772
5167, 82900, 36808
5169, 82956, 36848
5170, 82992, 36972
5171, 83024, 37008
5172, 83056, 37040
5174, 83124, 37072
5175, 83148, 37136
5176, 83188, 37136
5177, 83216, 37160
5178, 83252, 37196
5179, 83276, 37228
5180, 83308, 37364
5181, 83340, 37396
5182, 83376, 37428
5183, 83408, 37460
5184, 83440, 37492
5186, 83500, 37528
5187, 83536, 37588
5189, 83596, 37616
5190, 83620, 37656
5191, 83660, 37760
5192, 83692, 37816
5193, 83728, 37852
5194, 83756, 37880
5195, 83792, 37912
5196, 83816, 37948
5197, 83848, 37976
5198, 83884, 38012
5200, 83944, 38068
5201, 83980, 38176
5202, 84012, 38212
5203, 84040, 38240
5204, 84076, 38276
5205, 84108, 38300
5207, 84168, 38336
5208, 84200, 38372
5209, 84232, 38432
5211, 84292, 38536
5212, 84328, 38572
5213, 84360, 38628
5214, 84392, 38668
5215, 84424, 38692
5216, 84460, 38728
5217, 84484, 38760
5218, 84520, 38792
5219, 84548, 38820
5220, 84584, 38928
5221, 84616, 38960
5223, 84680, 38992
5224, 84712, 39024
5225, 84740, 39084
5226, 84776, 39116
5227, 84808, 39144
5228, 84836, 39188
5229, 84868, 37104
5230, 84900, 37208
5231, 84928, 37240
5232, 84964, 37272
5233, 85000, 37308
5234, 85028, 35724
5235, 85060, 35756
5236, 85088, 35784
5237, 85128, 35816
5239, 85188, 35884
5240, 85216, 35980
5241, 83528, 36020
5242, 83552, 36048
5243, 83592, 36080
5244, 83624, 36108
5245, 83660, 36148
5246, 83684, 36176
5247, 83716, 36204
5248, 83752, 36236
5249, 83784, 36268
5250, 83816, 36380
5251, 83848, 36408
5252, 83880, 36436
5253, 83904, 36472
5255, 83968, 36496
5256, 84004, 36568
5257, 84032, 36604
5258, 84072, 36628
5259, 84100, 36660
5260, 84136, 36764
5261, 84168, 36800
5262, 84204, 36832
5263, 84224, 36864
5264, 84260, 36892
5265, 84292, 36924
5266, 84352, 36952
5267, 84360, 36992
5269, 84416, 37016
5270, 84448, 37052
5271, 84484, 37156
5273, 84548, 37252
5274, 84572, 34176
5275, 84608, 34204
5276, 103404, 34244
5277, 84620, 34276
5278, 84648, 34308
5279, 84684, 34336
5280, 84712, 34444
5281, 84744, 34476
5283, 84812, 34508
5284, 84836, 34572
5285, 84872, 34600
5286, 84904, 34632
5287, 84940, 34664
5288, 84968, 34700
5289, 85000, 34728
5290, 85032, 34832
5291, 85060, 34864
5293, 85128, 34896
5294, 85164, 34928
5295, 85188, 34996
5296, 85224, 35024
5298, 85288, 35052
5299, 85288, 35092
5300, 85352, 35228
5302, 85416, 35256
5303, 85444, 35292
5304, 85484, 35324
5305, 85512, 35384
5306, 85540, 35420
5307, 85572, 35448
5308, 85604, 35480
5310, 85668, 35516
5311, 85704, 35648
5312, 85732, 35680
5313, 85764, 35712
5315, 85832, 35740
5316, 85856, 35808
5317, 85892, 35840
5318, 85920, 35864
5319, 85956, 35868
5320, 85984, 36008
5321, 86024, 36012
5322, 86052, 36040
5323, 86084, 36072
5324, 86112, 36136
5325, 86152, 36172
5326, 86180, 36204
5327, 86216, 36236
5328, 86244, 36268
5329, 86272, 36300
5330, 86308, 36404
5331, 86336, 36440
5332, 86376, 36468
5334, 86440, 36508
5335, 86464, 36536
5336, 86504, 36568
5337, 86532, 36600
5338, 86568, 36664
5339, 86596, 36696
5340, 86632, 36796
5341, 86664, 36836
5342, 86696, 36868
5344, 86760, 36896
5345, 86788, 36932
5346, 86816, 36960
5347, 86856, 37028
5349, 86916, 36428
5350, 86944, 36560
5351, 86980, 36592
5352, 87008, 36596
5353, 87048, 36632
5354, 87076, 36692
5355, 87112, 36720
5356, 87136, 36756
5357, 87172, 36780
5358, 87212, 36816
5360, 87264, 36956
5361, 87300, 36984
5362, 87332, 37016
5363, 87368, 37016
5364, 87396, 37048
5365, 87432, 37104
5366, 87456, 37148
5367, 87488, 37176
5368, 87520, 37204
5370, 87588, 37240
5371, 87616, 35236
5372, 87652, 35300
5373, 87680, 35332
5374, 87716, 35364
5375, 87744, 33776
5376, 87780, 33808
5377, 87804, 33840
5378, 87840, 33868
5379, 87872, 33904
5380, 87912, 34008
5382, 87972, 34044
5383, 88000, 34068
5384, 88032, 34104
5385, 88064, 34172
5386, 88104, 34200
5388, 88132, 34236
5389, 88192, 34296
5390, 88220, 34400
5391, 88256, 34440
5392, 88284, 34468
5393, 88320, 34500
5394, 88352, 34528
5395, 88380, 34564
5396, 88408, 34592
5398, 88476, 34624
5399, 88512, 34660
5400, 88540, 34696
5401, 88576, 34824
5402, 88608, 34860
5403, 88640, 34892
5404, 88672, 34924
5405, 88704, 34956
5406, 88736, 34984
5407, 88768, 35016
5408, 88804, 35048
5409, 88828, 35084
5411, 88896, 35184
5412, 88928, 35248
5413, 88960, 35280
5414, 89000, 35312
5415, 89028, 35340
5416, 89060, 35376
5417, 89088, 35404
5418, 89124, 35436
5419, 89152, 35472
5420, 89188, 35576
5422, 89248, 35604
5423, 89280, 35640
5424, 89316, 35704
5425, 89348, 35732
5426, 89376, 35768
5427, 89408, 35800
5428, 89440, 35832
5429, 89476, 35860
5431, 89540, 35976
5432, 89572, 36004
5433, 89608, 36036
5434, 89632, 36104
5435, 89672, 36132
5437, 88000, 36168
5438, 88048, 33196
5439, 88084, 33228
5440, 88116, 33328
5441, 88152, 33368
5443, 88216, 33400
5444, 88244, 33460
5445, 88276, 33496
5446, 88312, 33532
5447, 88340, 33564
5448, 88372, 33592
5450, 88432, 33628
5451, 88464, 33760
5452, 88504, 33796
5453, 88532, 33828
5455, 88592, 33856
5456, 88628, 33888
5457, 88664, 33956
5458, 88696, 33984
5459, 88724, 34020
5461, 88788, 34124
5462, 88824, 34188
5463, 88852, 34224
5464, 88892, 34252
5466, 88944, 34280
5468, 89012, 34344
5469, 89044, 34376
5470, 101496, 34516
5471, 89020, 34548
5472, 89048, 34572
5473, 89084, 34612
5474, 89116, 34644
5475, 89152, 34676
5476, 89176, 34704
5477, 89212, 34740
5479, 89280, 34796
5480, 89280, 34800
5481, 89344, 34936
5482, 89372, 34972
5483, 89400, 35000
5484, 89436, 35040
5486, 89500, 35076
5487, 89528, 35128
5488, 89564, 35160
5489, 89592, 35192
5490, 89632, 35300
5491, 89656, 35332
5493, 89716, 35364
5494, 89752, 35424
5495, 89784, 35456
5496, 89824, 35496
5498, 89884, 35520
5499, 89912, 35556
5500, 89948, 35584
5501, 89976, 35720
5502, 90012, 35756
5503, 90040, 35788
5504, 90072, 35816
5505, 90104, 35848
5506, 90136, 35884
5507, 90172, 35908
5509, 90232, 35944
5510, 90260, 33980
5511, 90296, 34004
5512, 90324, 34044
5513, 90360, 34072
5514, 90388, 34100
5516, 90448, 32536
5517, 90484, 32576
5519, 90548, 32604
5520, 90580, 32736
5521, 90616, 32776
5523, 90676, 32800
5524, 90708, 32868
5525, 90740, 32868
5526, 90768, 32928
5527, 90796, 32960
5528, 90832, 32996
5530, 90900, 33028
5531, 90928, 33136
5532, 90964, 33196
5533, 90988, 33228
5534, 91028, 33260
5535, 91056, 33300
5536, 91088, 33328
5537, 91120, 33360
5538, 91156, 33388
5539, 91184, 33420
5540, 91220, 33528
5541, 91248, 33564
5543, 91308, 33624
5544, 91340, 33652
5545, 91376, 33692
5546, 91404, 33716
5547, 91440, 33752
5548, 91468, 33780
5549, 91504, 33816
5550, 91528, 33916
5551, 91568, 33948
5552, 91596, 33984
5553, 91636, 34012
5555, 91668, 34044
5556, 91728, 34076
5557, 94084, 34116
5558, 89980, 34176
5559, 90016, 34204
5560, 90044, 34312
5561, 90080, 34312
5562, 90112, 34344
5563, 90148, 34408
5564, 90176, 34440
5565, 90212, 34472
5566, 90244, 34508
5567, 90272, 34536
5569, 90336, 34572
5570, 90368, 34604
5571, 90404, 34712
5572, 90432, 34772
5573, 90468, 34804
5575, 90528, 34836
5576, 90560, 34900
5577, 90588, 34928
5578, 90624, 34960
5579, 90652, 34996
5580, 90688, 35100
5581, 90720, 35128
5582, 90752, 35160
5583, 90780, 35192
5584, 90820, 35232
5585, 90848, 35256
5587, 90912, 35292
5588, 90944, 35356
5589, 90972, 35380
5590, 91008, 35492
5591, 91812, 35524
5593, 91108, 35552
5594, 91140, 35616
5595, 91176, 35652
5596, 91208, 35684
5597, 91240, 35716
5598, 91268, 35748
5599, 91304, 35772
5600, 91328, 35880
5602, 91396, 35916
5603, 91428, 35948
5604, 91456, 35976
5605, 91496, 36040
5606, 91528, 36068
5607, 91556, 36100
5608, 91588, 36132
5609, 91620, 36168
5610, 91648, 36268
5611, 91684, 36300
5613, 91748, 36364
5614, 91780, 36392
5615, 91812, 36432
5616, 91844, 36460
5617, 91876, 36496
5618, 91908, 36524
5619, 91936, 36556
5620, 91972, 36660
5621, 91996, 36692
5622, 92032, 36724
5623, 92068, 36760
5624, 92100, 36784
5625, 92128, 36820
5626, 92160, 36852
5627, 92192, 36888
5628, 92224, 36916
5629, 92260, 36948
5631, 92324, 37056
5632, 92584, 37088
5633, 90652, 37116
5634, 90688, 37184
5635, 90716, 37212
5636, 90752, 37216
5637, 90784, 37276
5638, 90824, 37308
5639, 90852, 37344
5641, 90916, 37448
5642, 90940, 37508
5643, 90976, 37536
5644, 91004, 37572
5645, 91044, 37604
5646, 91072, 37636
5648, 91136, 37700
5649, 91164, 37704
5650, 91192, 37728
5651, 91232, 35768
5652, 91264, 35796
5653, 91296, 35828
5654, 91328, 35864
5655, 91360, 41412
5656, 91392, 34312
5657, 91424, 34340
5659, 91484, 34376
5661, 91548, 34512
5662, 91588, 34544
5663, 91616, 34604
5664, 91648, 34636
5665, 91676, 34668
5666, 91708, 34696
5668, 138352, 34736
5669, 91716, 34796
5670, 91748, 34900
5671, 91780, 34928
5672, 91812, 34968
5673, 91848, 34996
5674, 91876, 35032
5675, 91908, 35060
5676, 91940, 35092
5677, 91972, 35120
5678, 92000, 35156
5679, 92040, 35188
5680, 92068, 35292
5681, 92100, 35320
5682, 92128, 35356
5683, 92164, 35388
5685, 92228, 35416
5686, 92256, 35448
5687, 92288, 35508
5688, 92316, 35536
5689, 92352, 35580
5690, 92384, 35688
5691, 92416, 35716
5692, 92444, 35748
5693, 92476, 35780
5694, 92516, 35812
5696, 92576, 35852
5697, 92608, 35876
5698, 92640, 35908
5699, 92668, 35940
5700, 92708, 35980
5701, 92740, 36120
5703, 92800, 36148
5704, 92832, 36216
5705, 92868, 36252
5706, 92900, 36276
5707, 92932, 36316
5709, 92996, 36376
5710, 93028, 36484
5711, 93060, 36516
5712, 93088, 36548
5713, 93124, 36576
5714, 93148, 36608
5715, 93184, 36644
5716, 93220, 36672
5718, 93276, 36708
5719, 93316, 36736
5720, 93344, 36772
5721, 93376, 36904
5722, 93408, 36944
5723, 93440, 36972
5725, 93504, 37004
5726, 93540, 37072
5727, 93572, 37096
5729, 93632, 37164
5730, 93668, 37268
5731, 93692, 37300
5733, 93760, 37368
5734, 93796, 37396
5735, 93820, 37428
5736, 93856, 37460
5737, 93892, 37492
5738, 93928, 37524
5739, 93952, 37556
5740, 93988, 37664
5742, 94044, 37720
5743, 94080, 37756
5744, 94112, 37788
5745, 94144, 37820
5746, 94172, 37852
5747, 94204, 37884
5748, 94240, 37916
5749, 94272, 37944
5750, 94304, 38056
5751, 94336, 38084
5753, 94396, 38140
5754, 94428, 38180
5755, 94464, 38208
5756, 94488, 38236
5758, 94556, 38272
5759, 94592, 38336
5760, 94620, 38440
5761, 94652, 38476
5762, 94684, 38504
5763, 94716, 38536
5764, 94744, 38568
5765, 94784, 38608
5767, 94844, 38632
5768, 94876, 38668
5769, 94908, 38696
5770, 94936, 38832
5771, 94972, 38872
5772, 95004, 38900
5774, 95064, 38928
5775, 95096, 38960
5776, 95136, 38992
5777, 95160, 39028
5778, 95196, 39056
5779, 95224, 39088
5780, 95256, 39124
5781, 95284, 39256
5783, 95356, 39324
5784, 95384, 39352
5785, 95416, 39384
5786, 95448, 39416
5787, 95484, 39448
5788, 95512, 39480
5789, 95552, 39516
5791, 95608, 37520
5793, 95676, 37612
5794, 95704, 37640
5795, 95736, 36036
5796, 95764, 36068
5798, 95832, 36096
5799, 95868, 36136
5800, 95900, 36168
5801, 95936, 36280
5802, 95964, 36340
5804, 96032, 36372
5805, 96068, 36436
5806, 96096, 36468
5807, 96128, 36504
5808, 96160, 36532
5809, 96188, 36564
5811, 96260, 36704
5812, 96292, 36704
5813, 96320, 36768
5814, 96352, 36768
5815, 96384, 36800
5816, 96416, 36864
5817, 96448, 36896
5818, 96484, 36896
5820, 96544, 36940
5821, 96580, 37072
5822, 96612, 37104
5823, 96644, 37164
5824, 96672, 37196
5825, 96712, 37236
5827, 95056, 37296
5828, 95080, 37300
5829, 95116, 37364
5830, 95144, 37468
5831, 95180, 37504
5832, 95220, 37532
5834, 95272, 37568
5835, 95304, 37632
5836, 95340, 37632
5837, 95372, 37696
5838, 95408, 37724
5839, 95440, 37724
5840, 95472, 37760
5841, 95504, 37896
5842, 95536, 37928
5843, 95544, 37932
5844, 95604, 37996
5845, 95632, 38028
5846, 95664, 38056
5847, 95696, 38100
5849, 95760, 38124
5850, 95796, 38160
5851, 95824, 38296
5852, 95856, 38328
5853, 95888, 38360
5854, 95924, 38388
5855, 95956, 38392
5856, 95984, 38452
5857, 96016, 38456
5858, 96052, 38520
5859, 96080, 38548
5860, 127184, 38656
5861, 96060, 38688
5862, 96092, 38720
5863, 96124, 38752
5864, 96156, 38788
5865, 96188, 38816
5867, 96252, 38876
5868, 96280, 38912
5869, 96320, 38944
5870, 96344, 39052
5871, 96376, 39084
5873, 96444, 39140
5874, 96472, 39180
5875, 96508, 39208
5876, 96540, 39244
5877, 96572, 39272
5879, 96636, 39336
5880, 96672, 39444
5882, 96732, 39476
5883, 96764, 39508
5884, 96796, 39572
5885, 96828, 39600
5886, 96864, 39640
5887, 96892, 39664
5888, 96928, 39696
5890, 96988, 39832
5892, 97052, 39872
5893, 97084, 39904
5894, 97116, 39960
5895, 97144, 39996
5896, 97180, 40024
5897, 97216, 40068
5899, 97276, 40092
5900, 97308, 40232
5901, 97340, 40260
5902, 97372, 40296
5903, 97404, 40328
5904, 97436, 40356
5905, 97464, 40388
5906, 97500, 40416
5908, 97564, 40452
5910, 97624, 40516
5911, 97656, 40620
5912, 97684, 40676
5913, 97724, 40716
5915, 97784, 40780
5916, 97812, 40780
5917, 97844, 40812
5918, 97876, 40844
5919, 97908, 40908
5920, 97944, 41008
5921, 97976, 41048
5923, 98036, 41072
5924, 98072, 41140
5926, 98132, 41172
5927, 98164, 41208
5928, 98196, 41264
5929, 95120, 41288
5930, 95156, 39296
5932, 95216, 39332
5933, 95248, 39368
5934, 95284, 39392
5936, 95348, 37828
5937, 95376, 37856
5938, 95408, 37884
5939, 95444, 37944
5940, 95476, 38052
5941, 95508, 38084
5942, 94908, 38116
5944, 94968, 38144
5945, 95004, 38184
5946, 95040, 38252
5947, 95072, 38280
5948, 95100, 38312
5949, 95132, 38344
5950, 95168, 38448
5951, 95196, 38476
5953, 95256, 38516
5954, 95288, 38576
5955, 95316, 38604
5956, 95352, 38640
5957, 95388, 38664
5958, 95416, 38708
5959, 95452, 38736
5960, 95480, 38844
5962, 95548, 38872
5963, 95580, 38908
5964, 95612, 38944
5965, 95644, 39008
5966, 95676, 39008
5967, 95708, 39044
5968, 95744, 39104
5969, 95768, 39136
5971, 95840, 39248
5972, 95872, 39304
5973, 95900, 39308
5974, 95932, 39372
5976, 95996, 39412
5977, 96028, 39440
5978, 96064, 39472
5979, 96096, 39536
5980, 96124, 39640
5981, 96156, 39676
5982, 96192, 39704
5983, 96224, 39736
5984, 96248, 39768
5986, 96312, 39804
5987, 96348, 39828
5988, 96380, 39892
5989, 96412, 39896
5990, 96444, 40032
5991, 96472, 40064
5992, 96504, 40092
5993, 96544, 40128
5994, 96572, 40156
5995, 96600, 40196
5997, 96668, 40228
5998, 96696, 40252
5999, 96732, 40316
6000, 96764, 40320
6001, 96792, 40456
6002, 96824, 40488
6003, 96856, 40516
6004, 96896, 40548
6005, 96920, 40576
6006, 96956, 40620
6007, 96984, 40648
6008, 97016, 40676
6009, 97044, 40708
6010, 97080, 40812
6011, 97112, 40848
6012, 94116, 40880
6013, 94148, 40908
6014, 94180, 40944
6015, 94212, 40968
6016, 94244, 41004
6018, 94316, 41040
6019, 94344, 41076
6020, 94376, 41204
6021, 92692, 41208
6022, 92716, 41272
6023, 92756, 41304
6024, 92784, 41304
6025, 92820, 41340
6026, 92848, 41400
6027, 92880, 41428
6028, 92912, 41468
6029, 92940, 41496
6030, 92976, 41604
6031, 93012, 41632
6032, 93044, 41672
6033, 93076, 41700
6035, 93132, 41732
6036, 93176, 41792
6037, 93204, 41824
6039, 93264, 41860
6040, 93276, 41896
6042, 93368, 42032
6043, 93396, 42096
6044, 93424, 42124
6045, 93456, 42124
6046, 93488, 42160
6047, 93516, 42188
6048, 93552, 42248
6050, 93616, 42288
6051, 93648, 42392
6052, 93680, 42452
6053, 93716, 42484
6054, 93744, 42488
6055, 93776, 42552
6056, 107744, 42584
6057, 153876, 42616
6058, 93776, 42644
6059, 93812, 42680
6060, 93840, 42784
6061, 93876, 42824
6062, 93904, 42848
6063, 93940, 42880
6065, 94000, 42936
6066, 94032, 42976
6067, 94068, 42976
6068, 94100, 43008
6069, 94132, 43040
6070, 94164, 41080
6071, 94196, 41116
6072, 94224, 41144
6073, 94256, 41172
6074, 94288, 41208
6075, 94328, 42264
6076, 94356, 39644
6077, 94384, 39676
6078, 94420, 39712
6079, 94444, 39736
6080, 94480, 39844
6081, 94512, 39876
6082, 94548, 39912
6083, 94572, 39940
6084, 94604, 39972
6085, 94640, 40004
6086, 94672, 40032
6087, 94704, 40068
6088, 94736, 40104
6089, 94740, 40104
6090, 94796, 40140
6091, 94828, 40244
6092, 94868, 40276
6093, 94904, 40348
6094, 94928, 40348
6095, 94964, 40372
6096, 95000, 40408
6097, 95036, 40476
6098, 95060, 40504
6099, 95092, 40540
6100, 95124, 40644
6101, 95160, 40648
6102, 95188, 40708
6103, 95224, 40748
6104, 95256, 40776
6105, 95284, 40808
6106, 95316, 40836
6107, 95352, 40868
6108, 95380, 40900
6109, 95408, 40936
6110, 95444, 41040
6111, 95476, 41072
6112, 95512, 41100
6113, 95540, 41136
6114, 95576, 41168
6115, 95604, 41196
6116, 95636, 41228
6117, 95668, 41264
6118, 95708, 41296
6119, 95732, 41328
6121, 95796, 41436
6122, 95832, 41496
6123, 95864, 41528
6124, 95896, 41560
6125, 95928, 41596
6126, 95956, 41628
6127, 95992, 41656
6128, 96024, 41692
6129, 96060, 41716
6130, 96084, 41828
6131, 96124, 41864
6132, 96152, 41900
6133, 96188, 41928
6134, 96220, 41960
6135, 96256, 41992
6136, 96284, 42028
6137, 96316, 42060
6139, 96384, 42092
6140, 96412, 42228
6141, 96444, 42260
6142, 96476, 42296
6143, 96508, 42328
6144, 96536, 42360
6145, 96576, 42388
6146, 96608, 42424
6148, 96668, 42456
6149, 96696, 42488
6150, 96732, 42524
6151, 96760, 42628
6152, 96796, 42656
6153, 96828, 39624
6154, 96864, 39652
6155, 96888, 39688
6156, 96932, 39688
6157, 96960, 39760
6158, 96992, 39784
